y_predict,y_score,y_true
1.0,0.9999999,1
1.0,1.0,1
1.0,0.9999999,1
1.0,1.0,1
1.0,0.99999547,1
1.0,0.99999964,1
1.0,0.9999372,1
1.0,0.9999999,1
1.0,1.0,1
1.0,0.99996865,1
1.0,1.0,1
1.0,0.9999999,1
1.0,1.0,1
1.0,1.0,1
1.0,1.0,1
1.0,1.0,1
1.0,1.0,1
1.0,1.0,1
1.0,1.0,1
1.0,1.0,1
1.0,0.99999976,1
1.0,1.0,1
1.0,0.999613,1
1.0,1.0,1
1.0,1.0,1
1.0,1.0,1
1.0,1.0,1
1.0,1.0,1
1.0,1.0,1
1.0,1.0,1
1.0,1.0,1
1.0,1.0,1
1.0,0.99982375,1
1.0,0.9995072,1
1.0,1.0,1
1.0,0.9997633,1
1.0,0.9973277,1
1.0,1.0,1
1.0,1.0,1
0.0,0.48568586,1
1.0,1.0,1
1.0,1.0,1
1.0,1.0,1
1.0,0.9922983,1
1.0,0.99999976,1
1.0,1.0,1
1.0,1.0,1
1.0,1.0,1
1.0,1.0,1
1.0,1.0,1
1.0,0.9999995,1
1.0,1.0,1
1.0,1.0,1
1.0,1.0,1
1.0,1.0,1
1.0,1.0,1
1.0,1.0,1
1.0,0.9999906,1
1.0,0.9999914,1
1.0,1.0,1
0.0,3.6708195e-07,1
1.0,0.99999976,1
1.0,1.0,1
1.0,1.0,1
1.0,1.0,1
1.0,1.0,1
1.0,1.0,1
1.0,1.0,1
1.0,1.0,1
1.0,1.0,1
1.0,1.0,1
1.0,1.0,1
1.0,1.0,1
1.0,1.0,1
1.0,1.0,1
1.0,1.0,1
1.0,1.0,1
1.0,0.9999995,1
1.0,1.0,1
1.0,0.9999999,1
1.0,1.0,1
1.0,1.0,1
1.0,1.0,1
1.0,1.0,1
1.0,1.0,1
1.0,1.0,1
1.0,0.9999999,1
1.0,1.0,1
1.0,1.0,1
1.0,1.0,1
1.0,1.0,1
1.0,0.9999999,1
1.0,1.0,1
1.0,1.0,1
1.0,0.99999976,1
1.0,1.0,1
1.0,1.0,1
1.0,1.0,1
1.0,0.9999999,1
1.0,0.9999999,1
1.0,1.0,1
0.0,0.00012680316,1
1.0,1.0,1
1.0,0.9999999,1
1.0,1.0,1
1.0,1.0,1
1.0,1.0,1
1.0,1.0,1
1.0,1.0,1
1.0,1.0,1
1.0,1.0,1
1.0,0.9999999,1
1.0,1.0,1
1.0,1.0,1
1.0,1.0,1
1.0,1.0,1
1.0,1.0,1
0.0,0.0004037857,1
1.0,1.0,1
1.0,1.0,1
1.0,1.0,1
1.0,1.0,1
1.0,1.0,1
1.0,1.0,1
1.0,0.9999999,1
1.0,0.9999858,1
1.0,0.9999964,1
1.0,1.0,1
1.0,1.0,1
1.0,0.9999999,1
1.0,1.0,1
1.0,1.0,1
1.0,1.0,1
1.0,1.0,1
1.0,1.0,1
1.0,1.0,1
1.0,1.0,1
1.0,0.9448469,1
1.0,0.9873269,1
1.0,0.9998952,1
1.0,0.99853265,1
1.0,1.0,1
1.0,0.9999999,1
1.0,1.0,1
1.0,1.0,1
1.0,0.9336423,1
1.0,1.0,1
1.0,0.9999999,1
1.0,1.0,1
1.0,1.0,1
1.0,0.99999654,1
1.0,1.0,1
1.0,1.0,1
1.0,1.0,1
1.0,1.0,1
1.0,1.0,1
1.0,1.0,1
1.0,1.0,1
1.0,1.0,1
1.0,1.0,1
1.0,1.0,1
1.0,1.0,1
1.0,0.9999999,1
1.0,1.0,1
1.0,1.0,1
1.0,0.99982697,1
0.0,3.8610626e-08,1
1.0,1.0,1
1.0,0.9999999,1
1.0,1.0,1
0.0,4.0691674e-07,1
1.0,0.9999999,1
1.0,0.9999999,1
1.0,0.99999833,1
1.0,0.9999999,1
1.0,1.0,1
1.0,1.0,1
1.0,1.0,1
1.0,0.9999999,1
1.0,1.0,1
1.0,1.0,1
1.0,1.0,1
1.0,1.0,1
1.0,1.0,1
1.0,1.0,1
1.0,1.0,1
1.0,1.0,1
1.0,1.0,1
1.0,1.0,1
1.0,0.9998697,1
1.0,0.9999994,1
1.0,0.9999993,1
1.0,1.0,1
1.0,1.0,1
0.0,0.013876626,1
1.0,0.9999937,1
1.0,0.99999034,1
1.0,0.9999993,1
1.0,0.9999988,1
1.0,1.0,1
1.0,1.0,1
1.0,1.0,1
1.0,0.9999999,1
1.0,1.0,1
1.0,1.0,1
1.0,1.0,1
1.0,0.99999976,1
1.0,0.9999999,1
1.0,1.0,1
1.0,1.0,1
1.0,1.0,1
1.0,1.0,1
1.0,1.0,1
1.0,1.0,1
1.0,1.0,1
1.0,1.0,1
1.0,1.0,1
1.0,1.0,1
1.0,1.0,1
1.0,1.0,1
1.0,1.0,1
1.0,1.0,1
1.0,0.9999995,1
1.0,1.0,1
1.0,1.0,1
1.0,1.0,1
1.0,1.0,1
1.0,0.99031025,1
1.0,1.0,1
1.0,1.0,1
1.0,1.0,1
1.0,1.0,1
1.0,1.0,1
1.0,1.0,1
1.0,0.9999999,1
1.0,1.0,1
1.0,1.0,1
1.0,1.0,1
1.0,1.0,1
1.0,1.0,1
1.0,1.0,1
1.0,0.9999995,1
1.0,0.9999999,1
1.0,0.9942669,1
1.0,0.99599093,1
0.0,0.0007621367,1
1.0,0.999997,1
1.0,0.9999999,1
1.0,1.0,1
1.0,1.0,1
1.0,1.0,1
1.0,0.99999964,1
1.0,1.0,1
1.0,1.0,1
1.0,1.0,1
1.0,1.0,1
1.0,0.99999976,1
1.0,0.75813615,1
1.0,1.0,1
1.0,0.9999999,1
1.0,0.99972576,1
1.0,1.0,1
1.0,0.9999994,1
1.0,1.0,1
1.0,0.9999975,1
1.0,1.0,1
1.0,1.0,1
1.0,1.0,1
1.0,0.9999527,1
1.0,1.0,1
1.0,0.9999999,1
1.0,1.0,1
1.0,0.9999999,1
1.0,1.0,1
1.0,1.0,1
1.0,1.0,1
1.0,0.99982566,1
1.0,1.0,1
1.0,1.0,1
1.0,0.999998,1
1.0,0.99999654,1
1.0,0.9999964,1
1.0,0.99999905,1
1.0,0.9999999,1
1.0,0.9999236,1
1.0,1.0,1
1.0,1.0,1
0.0,8.6792e-10,0
0.0,1.7541631e-09,0
0.0,1.3721237e-09,0
0.0,1.5339003e-09,0
0.0,3.1816179e-09,0
0.0,1.8055708e-09,0
0.0,4.0384998e-09,0
0.0,9.879588e-10,0
0.0,2.4734927e-09,0
0.0,6.058472e-09,0
0.0,1.2599075e-09,0
0.0,1.2098561e-09,0
0.0,1.8638382e-09,0
0.0,1.0533449e-09,0
0.0,2.6444134e-06,0
0.0,6.5006223e-09,0
0.0,2.143146e-09,0
0.0,2.6639755e-09,0
0.0,1.727277e-09,0
0.0,6.8522885e-09,0
0.0,1.6648584e-09,0
0.0,6.04802e-10,0
0.0,1.3869904e-09,0
0.0,3.098741e-09,0
0.0,1.4019166e-09,0
0.0,2.015851e-09,0
0.0,3.0900769e-09,0
0.0,1.4640879e-09,0
0.0,1.6616131e-09,0
0.0,4.369967e-09,0
0.0,1.9287294e-09,0
0.0,2.3949054e-09,0
0.0,2.6066558e-09,0
0.0,7.0037526e-10,0
0.0,5.0829723e-08,0
0.0,3.3987737e-09,0
0.0,2.381763e-09,0
0.0,8.8402924e-10,0
0.0,3.5524344e-08,0
0.0,2.3474787e-08,0
0.0,1.6864827e-09,0
0.0,1.13131255e-08,0
0.0,2.2898856e-09,0
0.0,3.1878198e-09,0
0.0,4.452037e-09,0
0.0,1.0217336e-09,0
0.0,3.2720493e-09,0
0.0,4.146914e-09,0
0.0,7.7961465e-10,0
0.0,6.780965e-08,0
0.0,1.4521402e-09,0
0.0,1.4911773e-09,0
0.0,2.2450986e-09,0
0.0,1.3311591e-09,0
0.0,3.871318e-09,0
0.0,3.379955e-09,0
0.0,2.501676e-09,0
0.0,4.591511e-09,0
0.0,1.7253474e-09,0
0.0,2.7016362e-09,0
0.0,1.3155176e-09,0
0.0,3.459219e-08,0
0.0,5.5037424e-09,0
0.0,2.3995783e-09,0
0.0,1.1846237e-09,0
0.0,1.9876247e-09,0
0.0,1.7720837e-09,0
0.0,8.4723434e-10,0
0.0,1.7486379e-09,0
0.0,3.7182126e-09,0
0.0,1.2866231e-09,0
0.0,6.8056677e-10,0
0.0,1.4601558e-09,0
0.0,5.4911387e-09,0
0.0,3.3466039e-09,0
0.0,2.197655e-09,0
0.0,3.1742246e-08,0
0.0,6.8150596e-10,0
0.0,4.3470725e-09,0
0.0,7.189798e-09,0
0.0,9.704984e-07,0
0.0,6.7218298e-09,0
0.0,1.2703759e-08,0
0.0,1.7135082e-09,0
0.0,1.0009959e-08,0
0.0,1.7111959e-09,0
0.0,3.1349094e-09,0
0.0,7.0304274e-10,0
0.0,2.3063889e-09,0
0.0,3.9774966e-09,0
0.0,1.9788036e-09,0
0.0,1.1391676e-09,0
0.0,5.843512e-10,0
0.0,2.2698305e-09,0
0.0,1.1123035e-09,0
0.0,2.6187367e-08,0
0.0,8.1251617e-10,0
0.0,9.0202246e-10,0
0.0,1.6789372e-09,0
0.0,3.0811784e-09,0
0.0,3.307249e-06,0
0.0,1.1780916e-09,0
0.0,5.8243863e-09,0
0.0,1.4998572e-09,0
0.0,7.474154e-09,0
0.0,1.7339779e-09,0
0.0,5.788054e-08,0
0.0,8.583239e-10,0
0.0,5.373706e-09,0
0.0,1.2207204e-09,0
0.0,9.8936454e-08,0
0.0,1.1631528e-08,0
0.0,1.3060782e-07,0
0.0,3.6569943e-09,0
0.0,1.353774e-08,0
0.0,1.9093083e-09,0
0.0,2.0790198e-09,0
0.0,6.853774e-07,0
0.0,1.3226787e-08,0
0.0,1.4055479e-08,0
0.0,1.1951999e-09,0
0.0,8.353956e-09,0
0.0,1.3741646e-08,0
0.0,8.6469126e-10,0
0.0,1.1082313e-09,0
0.0,1.8225664e-09,0
0.0,2.5986386e-09,0
0.0,2.0310842e-09,0
0.0,1.5209767e-09,0
0.0,1.2159729e-09,0
0.0,4.7767936e-09,0
0.0,6.5871046e-09,0
0.0,1.146208e-08,0
0.0,2.0073065e-09,0
0.0,2.4642162e-09,0
0.0,8.7671035e-09,0
0.0,1.8673193e-08,0
0.0,7.973115e-10,0
0.0,2.6072575e-09,0
0.0,1.5343276e-09,0
0.0,1.9467295e-08,0
0.0,7.803112e-09,0
0.0,1.2623177e-09,0
0.0,5.9666005e-10,0
0.0,2.5071503e-09,0
0.0,6.423488e-10,0
0.0,1.3609784e-09,0
0.0,1.7581457e-09,0
0.0,9.311547e-10,0
0.0,1.2960045e-09,0
0.0,2.162445e-09,0
0.0,1.3928306e-09,0
0.0,1.132454e-09,0
0.0,3.2246772e-09,0
0.0,1.5985796e-09,0
0.0,8.5986257e-10,0
0.0,1.875385e-09,0
0.0,2.9826004e-09,0
0.0,2.8971006e-09,0
0.0,1.1089057e-09,0
0.0,4.3926134e-09,0
0.0,1.045904e-08,0
0.0,2.153999e-08,0
0.0,1.9049688e-09,0
0.0,3.1065763e-09,0
0.0,1.0612622e-09,0
0.0,2.530634e-09,0
0.0,0.0012503095,0
0.0,2.2316213e-08,0
0.0,2.4813651e-09,0
0.0,2.6179675e-08,0
0.0,4.5874757e-09,0
0.0,3.3006886e-09,0
0.0,5.5883486e-08,0
0.0,9.613617e-10,0
0.0,0.0007606391,0
0.0,6.232772e-10,0
0.0,2.953621e-09,0
0.0,9.403948e-10,0
0.0,1.9550002e-09,0
0.0,1.7192504e-09,0
0.0,2.0656246e-09,0
0.0,5.3009295e-09,0
0.0,3.2579128e-09,0
0.0,2.5805365e-09,0
0.0,8.0709783e-10,0
0.0,5.388506e-09,0
0.0,1.4737596e-09,0
0.0,3.2206895e-08,0
0.0,7.810852e-10,0
0.0,2.1844824e-09,0
0.0,5.1139226e-09,0
0.0,5.8036274e-09,0
0.0,1.2896895e-09,0
0.0,2.7525694e-08,0
0.0,2.021611e-09,0
0.0,8.454667e-10,0
0.0,1.1223924e-09,0
0.0,2.856764e-09,0
0.0,3.8660493e-09,0
0.0,2.8033318e-09,0
1.0,1.0,0
0.0,1.1668235e-08,0
0.0,2.3816176e-09,0
0.0,2.4045812e-09,0
0.0,1.5764456e-09,0
0.0,7.935156e-10,0
0.0,9.1044017e-10,0
0.0,4.2670845e-09,0
0.0,1.171057e-09,0
0.0,1.1473448e-09,0
0.0,1.9318922e-09,0
0.0,1.1279013e-09,0
0.0,1.1858219e-09,0
0.0,7.3371157e-06,0
0.0,9.628223e-10,0
0.0,1.7823684e-09,0
0.0,3.6519894e-09,0
0.0,4.0372443e-09,0
0.0,1.3262224e-09,0
0.0,1.7741062e-09,0
0.0,1.2856769e-08,0
0.0,1.2004867e-09,0
0.0,1.7654647e-09,0
0.0,2.9883347e-09,0
0.0,1.0531158e-09,0
0.0,1.6978438e-09,0
0.0,1.0701183e-09,0
0.0,1.1694945e-09,0
0.0,3.4790413e-09,0
0.0,5.8854495e-09,0
0.0,1.742938e-08,0
0.0,1.4405208e-09,0
0.0,2.2152127e-09,0
0.0,7.6231205e-10,0
0.0,1.2021273e-09,0
0.0,7.5373124e-10,0
0.0,1.3433176e-09,0
0.0,1.8992403e-09,0
0.0,6.1247567e-09,0
0.0,3.9651726e-09,0
0.0,2.8167257e-09,0
0.0,4.3713424e-09,0
0.0,1.4595737e-09,0
0.0,1.7583872e-09,0
0.0,2.5633082e-09,0
0.0,1.1496054e-09,0
0.0,3.861775e-09,0
0.0,1.3102821e-08,0
0.0,2.4149195e-08,0
0.0,1.1566877e-09,0
0.0,2.8234548e-09,0
0.0,1.337856e-09,0
0.0,4.0164605e-09,0
0.0,1.996436e-09,0
0.0,1.1125412e-09,0
0.0,1.2958884e-09,0
0.0,3.6247099e-09,0
0.0,1.9625444e-08,0
0.0,1.4304295e-08,0
0.0,1.3558956e-08,0
0.0,2.099134e-09,0
0.0,1.8929438e-09,0
0.0,1.9321944e-09,0
0.0,1.6614989e-09,0
0.0,9.431359e-10,0
0.0,1.3519257e-09,0
0.0,4.5342547e-09,0
0.0,8.277712e-09,0
0.0,6.181674e-10,0
0.0,6.335905e-09,0
0.0,8.7929547e-10,0
0.0,1.6547973e-09,0
0.0,3.1863305e-09,0
0.0,2.0334914e-09,0
1.0,1.0,1
1.0,1.0,1
1.0,0.9999995,1
1.0,1.0,1
1.0,0.999998,1
1.0,1.0,1
1.0,1.0,1
1.0,1.0,1
1.0,1.0,1
1.0,1.0,1
1.0,1.0,1
1.0,0.99999154,1
1.0,1.0,1
1.0,0.99897134,1
1.0,1.0,1
1.0,0.9999999,1
1.0,1.0,1
1.0,1.0,1
1.0,1.0,1
1.0,1.0,1
1.0,1.0,1
1.0,1.0,1
1.0,1.0,1
1.0,1.0,1
1.0,0.999995,1
1.0,1.0,1
1.0,1.0,1
1.0,1.0,1
1.0,1.0,1
1.0,1.0,1
1.0,1.0,1
1.0,1.0,1
1.0,1.0,1
1.0,1.0,1
1.0,1.0,1
1.0,1.0,1
1.0,1.0,1
1.0,1.0,1
1.0,0.9999999,1
1.0,0.99999714,1
1.0,1.0,1
1.0,1.0,1
1.0,1.0,1
1.0,1.0,1
1.0,1.0,1
1.0,1.0,1
1.0,1.0,1
1.0,1.0,1
1.0,1.0,1
1.0,1.0,1
1.0,1.0,1
1.0,1.0,1
1.0,1.0,1
1.0,1.0,1
1.0,1.0,1
1.0,1.0,1
1.0,1.0,1
1.0,1.0,1
1.0,1.0,1
1.0,1.0,1
1.0,1.0,1
1.0,1.0,1
1.0,1.0,1
1.0,0.99999917,1
1.0,1.0,1
1.0,1.0,1
1.0,1.0,1
1.0,1.0,1
1.0,1.0,1
1.0,1.0,1
1.0,1.0,1
1.0,0.99999976,1
1.0,1.0,1
1.0,1.0,1
1.0,1.0,1
1.0,1.0,1
1.0,1.0,1
1.0,1.0,1
1.0,1.0,1
1.0,1.0,1
1.0,1.0,1
0.0,1.8816863e-05,1
1.0,1.0,1
1.0,1.0,1
1.0,1.0,1
1.0,1.0,1
1.0,1.0,1
1.0,1.0,1
1.0,1.0,1
0.0,0.12549335,1
1.0,0.9999887,1
1.0,0.9999726,1
1.0,1.0,1
1.0,1.0,1
1.0,1.0,1
1.0,1.0,1
1.0,1.0,1
1.0,1.0,1
1.0,1.0,1
1.0,1.0,1
1.0,1.0,1
1.0,1.0,1
0.0,4.0909413e-08,1
1.0,1.0,1
1.0,0.9999994,1
1.0,1.0,1
1.0,0.9999527,1
1.0,1.0,1
1.0,1.0,1
1.0,1.0,1
1.0,0.99999917,1
1.0,1.0,1
1.0,1.0,1
1.0,0.8068118,1
1.0,0.8068118,1
1.0,0.8068118,1
1.0,0.8068118,1
1.0,0.9999999,1
1.0,1.0,1
1.0,1.0,1
1.0,1.0,1
1.0,1.0,1
1.0,1.0,1
1.0,1.0,1
1.0,1.0,1
1.0,1.0,1
1.0,1.0,1
1.0,1.0,1
1.0,1.0,1
1.0,0.9999999,1
1.0,0.9999995,1
1.0,1.0,1
1.0,1.0,1
1.0,1.0,1
1.0,1.0,1
1.0,1.0,1
1.0,0.9999999,1
1.0,1.0,1
1.0,1.0,1
1.0,1.0,1
1.0,0.9999999,1
1.0,1.0,1
1.0,0.99991477,1
0.0,1.6086598e-05,1
1.0,1.0,1
0.0,0.00015672871,1
1.0,1.0,1
1.0,1.0,1
1.0,1.0,1
1.0,1.0,1
1.0,1.0,1
1.0,0.99999964,1
1.0,1.0,1
1.0,1.0,1
1.0,1.0,1
1.0,1.0,1
1.0,1.0,1
1.0,1.0,1
1.0,1.0,1
1.0,1.0,1
1.0,1.0,1
1.0,1.0,1
1.0,1.0,1
1.0,1.0,1
1.0,1.0,1
1.0,1.0,1
1.0,1.0,1
1.0,1.0,1
1.0,1.0,1
1.0,1.0,1
1.0,1.0,1
1.0,1.0,1
1.0,1.0,1
1.0,1.0,1
1.0,1.0,1
1.0,1.0,1
1.0,1.0,1
1.0,1.0,1
1.0,0.99295807,1
1.0,1.0,1
1.0,1.0,1
1.0,0.9999999,1
1.0,1.0,1
1.0,1.0,1
1.0,1.0,1
1.0,1.0,1
1.0,1.0,1
1.0,1.0,1
1.0,1.0,1
1.0,1.0,1
1.0,0.9999999,1
1.0,1.0,1
1.0,1.0,1
1.0,1.0,1
1.0,1.0,1
1.0,0.99999845,1
1.0,1.0,1
1.0,0.99999964,1
1.0,1.0,1
1.0,1.0,1
1.0,1.0,1
1.0,1.0,1
1.0,1.0,1
1.0,1.0,1
1.0,0.9999999,1
1.0,1.0,1
1.0,0.9999999,1
1.0,1.0,1
1.0,0.9999995,1
1.0,1.0,1
1.0,1.0,1
1.0,1.0,1
1.0,1.0,1
1.0,1.0,1
1.0,1.0,1
0.0,0.033269923,1
1.0,1.0,1
1.0,1.0,1
1.0,1.0,1
1.0,0.99999666,1
1.0,1.0,1
1.0,1.0,1
1.0,1.0,1
1.0,1.0,1
1.0,1.0,1
1.0,1.0,1
1.0,1.0,1
1.0,1.0,1
1.0,1.0,1
1.0,1.0,1
1.0,1.0,1
1.0,1.0,1
1.0,1.0,1
1.0,1.0,1
1.0,0.9427044,1
1.0,1.0,1
1.0,1.0,1
1.0,1.0,1
1.0,1.0,1
1.0,1.0,1
1.0,1.0,1
1.0,0.9999999,1
1.0,0.9999999,1
1.0,1.0,1
1.0,1.0,1
1.0,1.0,1
1.0,1.0,1
1.0,1.0,1
1.0,1.0,1
1.0,1.0,1
1.0,1.0,1
1.0,1.0,1
1.0,1.0,1
1.0,1.0,1
1.0,1.0,1
1.0,1.0,1
1.0,1.0,1
1.0,1.0,1
1.0,1.0,1
1.0,1.0,1
1.0,1.0,1
1.0,1.0,1
1.0,1.0,1
1.0,1.0,1
1.0,1.0,1
1.0,1.0,1
0.0,0.4753143,1
1.0,0.9999999,1
1.0,0.9990375,1
1.0,0.99999857,1
1.0,0.9999999,1
1.0,1.0,1
1.0,0.99999976,1
1.0,1.0,1
1.0,1.0,1
1.0,1.0,1
1.0,1.0,1
1.0,1.0,1
1.0,0.99999917,1
1.0,1.0,1
1.0,1.0,1
1.0,1.0,1
1.0,1.0,1
1.0,1.0,1
1.0,1.0,1
1.0,1.0,1
1.0,1.0,1
1.0,1.0,1
1.0,1.0,1
1.0,1.0,1
1.0,0.99999464,1
1.0,1.0,1
1.0,1.0,1
1.0,0.9857349,1
1.0,0.99999976,1
1.0,0.9999989,1
1.0,1.0,1
1.0,1.0,1
1.0,1.0,1
1.0,1.0,1
1.0,0.9999987,1
1.0,0.99999106,1
0.0,1.8625906e-07,1
1.0,0.8068118,1
1.0,1.0,1
1.0,1.0,1
1.0,1.0,1
1.0,1.0,1
1.0,1.0,1
1.0,1.0,1
1.0,0.6801782,1
1.0,1.0,1
1.0,1.0,1
1.0,1.0,1
1.0,1.0,1
1.0,0.99999976,1
1.0,1.0,1
1.0,1.0,1
1.0,1.0,1
1.0,1.0,1
1.0,1.0,1
1.0,1.0,1
1.0,1.0,1
1.0,1.0,1
1.0,1.0,1
1.0,1.0,1
1.0,1.0,1
1.0,0.9974179,1
1.0,1.0,1
1.0,1.0,1
1.0,1.0,1
1.0,1.0,1
1.0,0.59520334,1
1.0,0.9996693,1
0.0,0.036102816,1
1.0,1.0,1
0.0,2.189421e-09,0
0.0,1.0839171e-08,0
0.0,4.5073003e-09,0
0.0,2.2930762e-09,0
0.0,1.5819336e-09,0
0.0,2.51607e-09,0
0.0,6.868671e-09,0
0.0,5.5081637e-09,0
0.0,1.5629549e-09,0
0.0,3.6435848e-09,0
0.0,1.5805712e-08,0
0.0,1.6395255e-09,0
0.0,0.009107035,0
0.0,1.1815143e-09,0
0.0,1.5332129e-09,0
0.0,8.6686094e-05,0
0.0,6.4827184e-09,0
0.0,1.0953763e-09,0
0.0,8.276481e-09,0
0.0,2.0708475e-09,0
0.0,1.1212391e-09,0
0.0,1.520037e-09,0
0.0,6.056268e-08,0
0.0,1.0878247e-09,0
0.0,7.209683e-09,0
0.0,7.1905393e-09,0
0.0,1.4710523e-09,0
0.0,5.4653376e-10,0
0.0,1.0547305e-08,0
0.0,6.50283e-09,0
0.0,1.7559306e-09,0
0.0,1.1357982e-09,0
0.0,9.721175e-09,0
0.0,3.1263108e-09,0
0.0,1.6074616e-09,0
0.0,1.8654922e-09,0
0.0,4.240537e-09,0
0.0,1.5476951e-09,0
0.0,2.0009077e-09,0
0.0,8.391465e-10,0
0.0,1.8272235e-07,0
0.0,9.868344e-10,0
0.0,9.611214e-10,0
0.0,9.524204e-10,0
0.0,9.511968e-10,0
0.0,8.144577e-09,0
0.0,1.1547969e-08,0
0.0,5.898868e-09,0
0.0,1.4438216e-09,0
0.0,1.3228748e-09,0
0.0,7.5338624e-10,0
0.0,4.2123065e-09,0
0.0,2.8553313e-09,0
0.0,3.408323e-09,0
0.0,5.880243e-09,0
0.0,9.1699126e-10,0
0.0,5.7525384e-08,0
0.0,1.2284351e-09,0
0.0,4.065519e-09,0
0.0,9.459715e-10,0
0.0,2.70075e-09,0
0.0,2.26187e-09,0
0.0,2.3085895e-09,0
0.0,6.97392e-10,0
0.0,4.9380606e-09,0
0.0,2.1617272e-09,0
0.0,1.761462e-09,0
0.0,6.378644e-10,0
0.0,3.2838532e-09,0
0.0,6.5502452e-09,0
0.0,7.3794976e-10,0
0.0,1.2015708e-08,0
0.0,1.5614777e-08,0
0.0,8.9446534e-10,0
0.0,3.0385627e-09,0
0.0,7.927275e-10,0
0.0,5.702771e-10,0
0.0,3.32723e-09,0
0.0,2.2530087e-09,0
0.0,3.6958436e-08,0
0.0,1.492008e-09,0
0.0,4.419295e-09,0
0.0,1.5635453e-09,0
0.0,1.6518393e-09,0
0.0,2.0456128e-09,0
0.0,2.773686e-09,0
0.0,4.3792063e-08,0
0.0,9.702313e-10,0
0.0,1.0686559e-09,0
0.0,3.0229216e-08,0
0.0,7.6745466e-10,0
0.0,2.0824924e-09,0
0.0,5.2276223e-09,0
0.0,3.9828105e-09,0
0.0,1.2454833e-09,0
0.0,8.7267576e-10,0
0.0,1.4546712e-09,0
0.0,1.8981734e-07,0
0.0,2.5048559e-09,0
0.0,4.815203e-06,0
0.0,1.3433432e-09,0
0.0,1.1383662e-09,0
0.0,8.528799e-10,0
0.0,1.1435586e-09,0
0.0,6.9718356e-09,0
0.0,1.5953812e-09,0
0.0,2.0460353e-08,0
0.0,6.933299e-09,0
0.0,1.9542992e-09,0
0.0,7.7588005e-08,0
0.0,2.3335092e-09,0
0.0,1.4059118e-09,0
0.0,7.275406e-10,0
0.0,8.399684e-09,0
0.0,2.3051134e-09,0
0.0,9.1929586e-10,0
0.0,1.9770796e-09,0
0.0,1.0368125e-09,0
0.0,1.4694762e-09,0
0.0,6.127421e-09,0
0.0,1.9310522e-09,0
0.0,8.6926235e-09,0
0.0,9.51783e-10,0
0.0,8.6520274e-10,0
0.0,1.0144381e-09,0
0.0,5.5363074e-09,0
0.0,2.6308307e-09,0
0.0,8.623859e-09,0
0.0,7.5003126e-10,0
0.0,4.046071e-09,0
0.0,1.4444009e-08,0
0.0,7.606756e-09,0
0.0,4.231803e-09,0
0.0,1.8107715e-09,0
0.0,9.835503e-09,0
0.0,9.313057e-10,0
0.0,9.1607344e-10,0
0.0,9.447778e-10,0
0.0,1.4214644e-09,0
0.0,1.5457843e-08,0
1.0,0.8068118,0
0.0,1.7914891e-09,0
0.0,8.1233487e-10,0
0.0,3.5254264e-09,0
0.0,9.79207e-10,0
0.0,6.5004946e-10,0
0.0,5.701368e-10,0
0.0,8.8057944e-10,0
0.0,2.0197188e-09,0
0.0,1.0535759e-09,0
0.0,1.908198e-09,0
0.0,6.394833e-10,0
0.0,1.8407962e-09,0
0.0,2.408175e-09,0
0.0,1.4194108e-09,0
0.0,2.0701338e-08,0
0.0,1.115525e-08,0
0.0,1.8914459e-07,0
0.0,5.751556e-10,0
0.0,2.0962774e-09,0
0.0,7.0008714e-09,0
0.0,1.0416436e-08,0
0.0,1.0445258e-09,0
0.0,9.440393e-10,0
0.0,4.081623e-06,0
0.0,3.2460286e-09,0
0.0,6.3496115e-09,0
0.0,3.5530563e-09,0
0.0,1.0950965e-09,0
0.0,1.0174106e-09,0
0.0,2.4614117e-09,0
0.0,4.2732418e-09,0
0.0,7.015696e-09,0
0.0,1.6236172e-09,0
0.0,7.4438183e-10,0
0.0,2.771745e-09,0
0.0,1.4851144e-09,0
0.0,1.7782223e-09,0
0.0,6.36757e-10,0
0.0,1.4597548e-09,0
0.0,2.1735933e-09,0
0.0,3.3845755e-08,0
0.0,4.307349e-09,0
0.0,1.0529155e-08,0
0.0,4.2749373e-09,0
0.0,1.3356632e-09,0
0.0,4.3026952e-07,0
0.0,3.395741e-09,0
0.0,2.0126402e-08,0
0.0,1.0720326e-09,0
0.0,3.1295029e-09,0
0.0,6.129662e-10,0
0.0,6.2651206e-10,0
0.0,1.19074075e-08,0
0.0,1.27376545e-08,0
0.0,2.546428e-09,0
0.0,5.1510807e-10,0
0.0,1.9633632e-09,0
0.0,1.4602616e-09,0
0.0,8.0343304e-10,0
0.0,3.2662628e-09,0
0.0,1.2558409e-09,0
0.0,1.5748588e-09,0
0.0,7.6975915e-10,0
0.0,1.0411842e-09,0
0.0,4.4604938e-09,0
0.0,5.605148e-09,0
0.0,7.1861788e-09,0
0.0,1.5530652e-09,0
0.0,2.01809e-09,0
0.0,1.3672984e-09,0
0.0,1.4716247e-09,0
0.0,7.089278e-08,0
0.0,1.3550313e-09,0
0.0,8.560171e-10,0
0.0,1.0889104e-09,0
0.0,2.3182927e-09,0
0.0,1.0223183e-09,0
0.0,5.10167e-07,0
0.0,1.910485e-09,0
0.0,7.5038037e-10,0
0.0,1.4129334e-09,0
0.0,6.721429e-10,0
0.0,8.1566365e-10,0
0.0,1.0002663e-09,0
0.0,6.5569576e-09,0
0.0,1.2803048e-09,0
0.0,1.6566953e-09,0
0.0,1.664579e-09,0
0.0,8.341278e-10,0
0.0,1.389588e-09,0
0.0,2.8550753e-09,0
0.0,1.473383e-09,0
0.0,2.12616e-09,0
0.0,9.928537e-09,0
0.0,8.2182146e-09,0
0.0,1.1526617e-09,0
0.0,0.015793758,0
0.0,2.262517e-09,0
0.0,8.932838e-10,0
0.0,9.087024e-09,0
0.0,1.0912848e-09,0
0.0,8.7380003e-10,0
0.0,1.774113e-09,0
0.0,1.1894689e-09,0
0.0,4.391583e-09,0
0.0,3.0134908e-09,0
0.0,1.1014169e-08,0
0.0,1.3812088e-09,0
0.0,2.0109392e-09,0
0.0,1.2257039e-09,0
0.0,2.6827257e-08,0
0.0,1.5729195e-09,0
0.0,1.0257463e-09,0
0.0,5.933918e-09,0
0.0,2.2706403e-09,0
0.0,5.494243e-08,0
0.0,6.037089e-07,0
0.0,9.0794994e-10,0
0.0,6.5272193e-10,0
0.0,2.8083145e-09,0
0.0,6.6354895e-09,0
0.0,4.2686008e-08,0
0.0,1.8272062e-09,0
0.0,1.4467879e-09,0
0.0,1.2875585e-09,0
0.0,1.5283836e-09,0
0.0,1.5865092e-08,0
0.0,1.2512407e-09,0
0.0,1.416571e-09,0
0.0,4.2240047e-09,0
0.0,2.0643416e-08,0
0.0,1.2217429e-09,0
0.0,5.6280386e-10,0
0.0,8.386989e-09,0
0.0,2.5227509e-08,0
0.0,3.3429293e-09,0
0.0,2.0586195e-09,0
0.0,2.9875085e-09,0
0.0,3.8502352e-09,0
0.0,7.1245955e-07,0
0.0,5.8006583e-10,0
0.0,3.2581118e-09,0
0.0,1.4097758e-07,0
0.0,1.8645068e-09,0
0.0,1.0383482e-09,0
0.0,1.382321e-09,0
0.0,9.691106e-10,0
0.0,3.732452e-09,0
0.0,9.919863e-10,0
0.0,1.1672247e-07,0
0.0,1.2707461e-09,0
0.0,1.8743587e-09,0
0.0,9.067074e-10,0
0.0,1.2051393e-09,0
0.0,8.5957563e-10,0
0.0,2.9253244e-09,0
0.0,1.8401715e-09,0
0.0,6.7992745e-09,0
0.0,1.4049145e-09,0
0.0,1.3620484e-09,0
0.0,1.6578395e-09,0
0.0,2.5739886e-09,0
0.0,2.5355307e-06,0
0.0,6.3700876e-09,0
0.0,1.4589725e-09,0
0.0,3.6071988e-09,0
0.0,9.001611e-10,0
0.0,2.5822893e-09,0
0.0,8.2651813e-10,0
0.0,1.1565465e-09,0
0.0,2.5508078e-09,0
0.0,6.3209094e-10,0
0.0,1.5525083e-09,0
0.0,1.5868049e-09,0
0.0,1.1942588e-09,0
0.0,1.1013764e-09,0
0.0,8.234313e-09,0
0.0,5.2475926e-09,0
0.0,1.2230836e-09,0
1.0,1.0,1
1.0,1.0,1
1.0,1.0,1
1.0,1.0,1
0.0,3.4611967e-05,1
1.0,1.0,1
1.0,1.0,1
1.0,0.99999964,1
1.0,1.0,1
1.0,1.0,1
1.0,1.0,1
1.0,1.0,1
1.0,1.0,1
1.0,1.0,1
1.0,1.0,1
1.0,1.0,1
1.0,1.0,1
1.0,1.0,1
1.0,1.0,1
1.0,1.0,1
0.0,1.4612607e-06,1
1.0,1.0,1
1.0,1.0,1
1.0,1.0,1
1.0,0.99760336,1
1.0,1.0,1
1.0,1.0,1
1.0,1.0,1
1.0,1.0,1
1.0,1.0,1
1.0,1.0,1
1.0,1.0,1
1.0,1.0,1
1.0,1.0,1
1.0,1.0,1
1.0,1.0,1
1.0,1.0,1
1.0,1.0,1
1.0,1.0,1
1.0,1.0,1
1.0,1.0,1
1.0,1.0,1
1.0,1.0,1
1.0,1.0,1
1.0,1.0,1
1.0,1.0,1
1.0,1.0,1
1.0,1.0,1
1.0,1.0,1
1.0,1.0,1
1.0,1.0,1
1.0,1.0,1
1.0,1.0,1
1.0,1.0,1
1.0,1.0,1
1.0,1.0,1
1.0,1.0,1
1.0,1.0,1
1.0,1.0,1
1.0,1.0,1
1.0,1.0,1
1.0,1.0,1
1.0,1.0,1
1.0,1.0,1
1.0,1.0,1
1.0,1.0,1
1.0,1.0,1
1.0,0.99999964,1
1.0,0.99999976,1
1.0,1.0,1
1.0,1.0,1
1.0,1.0,1
1.0,1.0,1
1.0,1.0,1
1.0,1.0,1
1.0,1.0,1
1.0,0.99999964,1
1.0,1.0,1
1.0,1.0,1
1.0,0.9999999,1
1.0,1.0,1
1.0,1.0,1
1.0,1.0,1
1.0,0.6809039,1
1.0,0.9999999,1
1.0,0.99999976,1
1.0,1.0,1
1.0,1.0,1
1.0,1.0,1
1.0,1.0,1
1.0,1.0,1
1.0,1.0,1
1.0,1.0,1
1.0,1.0,1
1.0,1.0,1
1.0,1.0,1
1.0,1.0,1
1.0,1.0,1
1.0,1.0,1
1.0,0.99997365,1
1.0,1.0,1
1.0,1.0,1
1.0,1.0,1
1.0,0.99999976,1
1.0,0.99999905,1
1.0,0.9999995,1
1.0,0.9999999,1
1.0,0.9999988,1
1.0,0.99999774,1
1.0,0.99999976,1
0.0,0.02281302,1
1.0,0.9999914,1
1.0,0.9999697,1
1.0,1.0,1
1.0,1.0,1
1.0,1.0,1
1.0,1.0,1
1.0,1.0,1
1.0,1.0,1
1.0,1.0,1
1.0,1.0,1
1.0,1.0,1
1.0,1.0,1
1.0,1.0,1
1.0,1.0,1
1.0,1.0,1
0.0,6.8795953e-06,1
1.0,0.99999964,1
1.0,1.0,1
1.0,1.0,1
1.0,1.0,1
1.0,1.0,1
1.0,1.0,1
1.0,1.0,1
1.0,0.9999999,1
1.0,1.0,1
1.0,1.0,1
1.0,1.0,1
1.0,1.0,1
1.0,1.0,1
1.0,1.0,1
1.0,0.99957174,1
1.0,0.9999993,1
1.0,1.0,1
1.0,0.99999964,1
1.0,0.9999999,1
1.0,1.0,1
1.0,1.0,1
1.0,1.0,1
1.0,1.0,1
1.0,1.0,1
1.0,1.0,1
1.0,1.0,1
1.0,0.8068118,1
1.0,0.8068118,1
1.0,0.8068118,1
1.0,0.8068118,1
1.0,0.8068118,1
1.0,0.8068118,1
1.0,0.8068118,1
1.0,0.8068118,1
1.0,0.8068118,1
1.0,0.8068118,1
1.0,0.8068118,1
1.0,0.8068118,1
1.0,0.8068118,1
1.0,0.8068118,1
1.0,0.8068118,1
1.0,0.8068118,1
1.0,0.8068118,1
1.0,0.8068118,1
1.0,1.0,1
1.0,0.99644923,1
1.0,0.9999999,1
0.0,0.0036481668,1
0.0,4.6692088e-07,1
1.0,1.0,1
1.0,1.0,1
1.0,1.0,1
1.0,1.0,1
1.0,1.0,1
1.0,1.0,1
1.0,1.0,1
1.0,1.0,1
1.0,1.0,1
1.0,1.0,1
1.0,1.0,1
1.0,0.8068118,1
1.0,0.8068118,1
1.0,0.8068118,1
1.0,0.8068118,1
1.0,0.8068118,1
1.0,0.8068118,1
1.0,0.99999976,1
1.0,1.0,1
1.0,1.0,1
1.0,1.0,1
1.0,1.0,1
1.0,1.0,1
1.0,1.0,1
1.0,1.0,1
1.0,1.0,1
1.0,1.0,1
1.0,1.0,1
1.0,1.0,1
1.0,1.0,1
1.0,1.0,1
1.0,1.0,1
1.0,1.0,1
1.0,1.0,1
1.0,1.0,1
1.0,1.0,1
1.0,1.0,1
1.0,0.98301667,1
1.0,1.0,1
1.0,1.0,1
1.0,1.0,1
1.0,1.0,1
1.0,1.0,1
1.0,1.0,1
1.0,0.9999999,1
1.0,1.0,1
1.0,1.0,1
1.0,1.0,1
1.0,1.0,1
1.0,1.0,1
1.0,1.0,1
1.0,0.99999905,1
1.0,1.0,1
1.0,1.0,1
1.0,1.0,1
1.0,1.0,1
1.0,1.0,1
1.0,1.0,1
1.0,0.99999964,1
1.0,0.99972326,1
1.0,1.0,1
1.0,1.0,1
1.0,1.0,1
1.0,1.0,1
1.0,1.0,1
1.0,1.0,1
1.0,1.0,1
1.0,1.0,1
1.0,1.0,1
1.0,1.0,1
1.0,1.0,1
1.0,1.0,1
1.0,1.0,1
1.0,1.0,1
1.0,1.0,1
1.0,1.0,1
1.0,0.9999999,1
1.0,1.0,1
1.0,1.0,1
1.0,1.0,1
1.0,0.9998635,1
1.0,1.0,1
1.0,1.0,1
1.0,1.0,1
1.0,1.0,1
1.0,1.0,1
1.0,1.0,1
1.0,1.0,1
1.0,1.0,1
1.0,1.0,1
1.0,0.99997103,1
1.0,0.9999999,1
1.0,1.0,1
1.0,1.0,1
1.0,1.0,1
1.0,1.0,1
1.0,1.0,1
1.0,1.0,1
1.0,1.0,1
1.0,1.0,1
1.0,1.0,1
1.0,0.9999999,1
1.0,0.9999763,1
1.0,1.0,1
1.0,1.0,1
1.0,1.0,1
1.0,1.0,1
1.0,1.0,1
1.0,1.0,1
1.0,1.0,1
1.0,1.0,1
1.0,1.0,1
1.0,0.9797554,1
1.0,0.99999976,1
1.0,1.0,1
1.0,0.99999976,1
1.0,1.0,1
1.0,1.0,1
1.0,0.9999999,1
1.0,1.0,1
1.0,1.0,1
1.0,1.0,1
1.0,0.9999999,1
0.0,5.2249142e-08,1
0.0,0.0030915122,1
1.0,1.0,1
1.0,0.9999994,1
1.0,0.9999995,1
1.0,1.0,1
1.0,1.0,1
1.0,1.0,1
1.0,1.0,1
1.0,1.0,1
1.0,1.0,1
1.0,0.99999917,1
1.0,1.0,1
1.0,1.0,1
1.0,1.0,1
1.0,1.0,1
1.0,1.0,1
1.0,1.0,1
1.0,1.0,1
1.0,1.0,1
1.0,0.99995434,1
0.0,0.0071217986,1
1.0,1.0,1
1.0,1.0,1
1.0,0.9999969,1
0.0,0.0033788017,1
1.0,0.9999999,1
1.0,1.0,1
1.0,0.99983704,1
1.0,0.74867064,1
1.0,1.0,1
1.0,1.0,1
1.0,0.99999964,1
1.0,1.0,1
1.0,1.0,1
1.0,1.0,1
1.0,1.0,1
1.0,1.0,1
1.0,1.0,1
1.0,1.0,1
1.0,1.0,1
1.0,1.0,1
1.0,0.99999523,1
1.0,1.0,1
1.0,1.0,1
1.0,1.0,1
1.0,0.9999945,1
1.0,1.0,1
0.0,1.6811916e-07,1
1.0,0.99999976,1
1.0,1.0,1
1.0,0.99998355,1
0.0,3.3246355e-09,0
0.0,1.6132207e-09,0
0.0,2.219302e-09,0
0.0,1.384387e-09,0
0.0,2.2205808e-09,0
0.0,1.9359496e-09,0
0.0,3.0005056e-09,0
0.0,2.292639e-09,0
0.0,1.4309636e-09,0
0.0,1.0783345e-09,0
0.0,1.694311e-09,0
0.0,1.7063136e-09,0
0.0,7.146158e-09,0
0.0,2.4035909e-09,0
0.0,2.5808269e-09,0
0.0,3.1730727e-09,0
0.0,2.1532873e-09,0
0.0,2.3129574e-09,0
0.0,7.0240107e-09,0
0.0,1.6927704e-09,0
0.0,3.4243721e-09,0
0.0,4.569957e-09,0
0.0,2.0473772e-09,0
0.0,1.6610713e-09,0
0.0,1.308756e-08,0
0.0,1.9995e-09,0
0.0,0.00043872985,0
0.0,7.209119e-09,0
0.0,4.5222324e-09,0
0.0,1.6171764e-09,0
0.0,6.021866e-06,0
0.0,1.4587026e-09,0
0.0,1.5680489e-09,0
0.0,1.7113233e-09,0
1.0,0.8068118,0
0.0,2.2653237e-09,0
0.0,1.5187273e-09,0
0.0,1.7390287e-09,0
0.0,2.6365272e-09,0
0.0,1.3277385e-09,0
0.0,3.7111703e-09,0
0.0,5.5291394e-10,0
0.0,2.4480307e-09,0
0.0,4.619902e-06,0
0.0,9.09526e-09,0
0.0,1.2514817e-09,0
0.0,9.691918e-10,0
0.0,2.0266495e-09,0
0.0,6.7624533e-09,0
0.0,1.0252749e-09,0
0.0,3.792526e-08,0
0.0,6.130916e-09,0
0.0,9.0615415e-10,0
0.0,1.2943994e-08,0
0.0,1.1814827e-09,0
0.0,1.1664915e-09,0
0.0,4.455724e-09,0
0.0,2.5072457e-09,0
0.0,2.309739e-09,0
0.0,1.4174358e-09,0
0.0,1.2497595e-09,0
0.0,1.1246688e-08,0
0.0,1.5998484e-09,0
0.0,4.6714113e-09,0
0.0,3.6366625e-09,0
0.0,9.0246e-09,0
0.0,2.5050566e-09,0
0.0,2.0163509e-09,0
0.0,1.1806718e-09,0
0.0,1.0968983e-09,0
0.0,5.69539e-10,0
0.0,8.252205e-09,0
0.0,2.0349076e-09,0
0.0,2.0906272e-09,0
0.0,1.7140314e-09,0
0.0,7.532544e-09,0
0.0,4.67751e-09,0
0.0,2.4083084e-09,0
0.0,5.238972e-09,0
0.0,1.0954229e-06,0
0.0,3.0463272e-09,0
0.0,2.2186206e-09,0
0.0,8.339162e-10,0
0.0,2.8773142e-09,0
0.0,2.8295628e-09,0
1.0,0.8068118,0
0.0,1.2028888e-09,0
0.0,4.278328e-05,0
0.0,1.5783682e-09,0
0.0,2.353213e-07,0
0.0,1.530338e-09,0
0.0,8.1354584e-10,0
0.0,7.4262907e-10,0
0.0,1.8191629e-09,0
0.0,2.4591078e-09,0
0.0,1.9155386e-09,0
0.0,1.3756273e-09,0
0.0,1.1678384e-09,0
0.0,1.3510828e-09,0
0.0,7.534588e-08,0
1.0,0.8068118,0
1.0,0.8068118,0
0.0,3.820447e-09,0
0.0,9.8372325e-08,0
0.0,1.1579193e-09,0
0.0,2.0435618e-09,0
0.0,1.7481218e-08,0
0.0,7.850735e-09,0
0.0,3.5172392e-09,0
0.0,2.7585283e-09,0
0.0,3.890668e-09,0
0.0,1.4296924e-09,0
0.0,1.6301336e-09,0
0.0,2.0044637e-09,0
0.0,3.76187e-09,0
0.0,2.0178514e-09,0
0.0,2.4443307e-09,0
0.0,1.6441508e-09,0
0.0,1.0996803e-09,0
0.0,6.754561e-10,0
0.0,8.931492e-10,0
0.0,5.8905143e-09,0
0.0,3.4119068e-09,0
0.0,1.8647273e-09,0
0.0,0.038544416,0
0.0,3.4634424e-09,0
0.0,1.3782358e-08,0
0.0,1.9249917e-09,0
0.0,1.7140117e-09,0
0.0,1.100272e-09,0
0.0,9.212008e-09,0
0.0,2.767007e-09,0
0.0,2.7637104e-09,0
0.0,1.5890765e-09,0
0.0,9.407092e-09,0
0.0,1.1467197e-08,0
0.0,4.418301e-09,0
1.0,0.8068118,0
0.0,1.7461116e-09,0
0.0,1.6475474e-09,0
0.0,2.3800557e-09,0
0.0,1.5050944e-07,0
1.0,0.8068118,0
0.0,1.8239784e-09,0
0.0,1.734325e-09,0
0.0,2.7745377e-09,0
0.0,1.0419351e-09,0
1.0,0.8068118,0
1.0,0.8068118,0
0.0,1.1022254e-09,0
0.0,8.66838e-10,0
0.0,1.0329265e-08,0
0.0,2.900844e-09,0
0.0,2.74932e-09,0
0.0,2.280819e-09,0
0.0,1.4901687e-08,0
0.0,1.5906049e-09,0
0.0,3.531416e-09,0
0.0,2.8017764e-09,0
0.0,7.89425e-09,0
0.0,6.113307e-09,0
0.0,8.5620977e-10,0
0.0,1.5578804e-09,0
0.0,1.931192e-09,0
0.0,1.338563e-09,0
0.0,6.2619696e-09,0
0.0,2.0279447e-09,0
0.0,2.8858387e-09,0
0.0,1.2966301e-09,0
0.0,3.0455487e-09,0
0.0,2.5628044e-09,0
0.0,1.6205821e-09,0
0.0,0.00019868031,0
0.0,2.1293416e-09,0
0.0,7.1012074e-10,0
0.0,1.4675323e-09,0
0.0,2.3217e-09,0
0.0,1.198302e-09,0
1.0,0.8068118,0
0.0,6.026395e-10,0
0.0,1.5495767e-09,0
0.0,1.45145425e-08,0
0.0,1.3004252e-08,0
0.0,1.960108e-09,0
0.0,2.0348494e-09,0
0.0,1.9920918e-09,0
0.0,1.0550901e-09,0
0.0,1.6340809e-09,0
0.0,1.9952138e-09,0
0.0,3.3837542e-09,0
1.0,0.8068118,0
0.0,0.0004349791,0
0.0,5.5996985e-09,0
0.0,1.6490596e-09,0
0.0,1.7094157e-08,0
0.0,2.0314912e-09,0
0.0,1.1459429e-09,0
0.0,8.5100627e-10,0
0.0,4.3187507e-09,0
0.0,2.6489182e-08,0
0.0,1.7252948e-09,0
0.0,1.3153119e-09,0
0.0,2.977769e-09,0
0.0,0.0012409964,0
0.0,1.2710952e-09,0
0.0,1.7273429e-09,0
0.0,1.6757443e-09,0
0.0,1.5476833e-09,0
0.0,4.852838e-10,0
0.0,9.780013e-10,0
0.0,1.1523847e-09,0
0.0,3.2214373e-09,0
0.0,7.633582e-10,0
0.0,2.0558963e-09,0
0.0,9.7945e-10,0
0.0,2.7434273e-09,0
0.0,1.63559e-09,0
0.0,3.6646048e-09,0
0.0,1.8562178e-09,0
0.0,1.0651638e-09,0
0.0,3.755246e-09,0
0.0,6.9443233e-09,0
0.0,1.8039391e-09,0
0.0,1.4115812e-09,0
0.0,2.0315685e-09,0
0.0,1.3148252e-09,0
0.0,4.796617e-08,0
0.0,2.5444085e-09,0
0.0,2.2617233e-09,0
0.0,1.4327826e-09,0
0.0,8.9715296e-10,0
1.0,0.8068118,0
0.0,1.4903584e-09,0
0.0,1.2022287e-08,0
0.0,2.1057869e-09,0
0.0,1.5283225e-09,0
0.0,1.545023e-09,0
0.0,2.4741627e-09,0
0.0,1.0033847e-09,0
0.0,2.212983e-09,0
0.0,1.4223729e-09,0
0.0,1.228768e-09,0
0.0,2.1614182e-09,0
0.0,1.0383957e-09,0
0.0,7.018279e-09,0
0.0,2.290484e-09,0
0.0,1.7475242e-09,0
0.0,1.2274365e-05,0
0.0,1.7794445e-08,0
0.0,1.4167197e-06,0
0.0,6.349233e-10,0
0.0,1.6660306e-09,0
0.0,1.5050987e-09,0
0.0,2.3534263e-09,0
0.0,1.1383423e-09,0
0.0,2.0513682e-09,0
0.0,1.0402096e-09,0
0.0,2.3188029e-07,0
0.0,1.5780943e-09,0
0.0,1.3865328e-09,0
0.0,2.9226421e-09,0
0.0,1.1299987e-09,0
0.0,1.843967e-08,0
0.0,1.0358854e-09,0
0.0,8.231204e-09,0
1.0,0.8068118,0
0.0,1.8143531e-09,0
0.0,0.057639442,0
0.0,1.6824379e-09,0
0.0,2.393558e-09,0
0.0,3.907266e-09,0
0.0,9.630409e-10,0
0.0,1.5180089e-09,0
0.0,1.9032111e-09,0
0.0,2.817779e-09,0
0.0,2.7803505e-08,0
0.0,3.016734e-09,0
0.0,1.1692336e-09,0
0.0,1.3720844e-09,0
0.0,1.0735923e-08,0
0.0,2.6901592e-09,0
0.0,8.234254e-08,0
0.0,5.085957e-09,0
0.0,5.356372e-09,0
0.0,1.4694874e-09,0
0.0,1.1674486e-09,0
0.0,3.9191637e-09,0
0.0,1.057167e-09,0
0.0,2.9030813e-08,0
0.0,1.052108e-09,0
0.0,1.6542071e-09,0
0.0,3.8402828e-09,0
1.0,0.8068118,0
0.0,1.337127e-08,0
0.0,3.0424596e-09,0
0.0,7.562491e-08,0
0.0,5.4074144e-06,0
0.0,1.4540027e-09,0
0.0,2.127385e-09,0
0.0,1.8780733e-09,0
0.0,3.315194e-09,0
0.0,0.0069409027,0
0.0,1.1447654e-09,0
0.0,1.4180713e-09,0
0.0,2.3492421e-09,0
0.0,4.536608e-09,0
0.0,1.6164485e-09,0
0.0,1.2751504e-09,0
0.0,1.533096e-09,0
0.0,1.6448126e-09,0
0.0,7.0255607e-10,0
0.0,1.9558357e-09,0
0.0,2.4577291e-09,0
0.0,1.3059874e-09,0
0.0,5.9679466e-09,0
0.0,1.429256e-09,0
0.0,1.3932644e-08,0
0.0,3.9484185e-09,0
0.0,3.0799268e-09,0
0.0,2.6351158e-08,0
0.0,5.028619e-10,0
0.0,1.3670611e-09,0
0.0,1.8894808e-09,0
0.0,4.3768402e-09,0
1.0,0.8068118,0
0.0,9.020879e-10,0
0.0,6.9425854e-10,0
0.0,1.514553e-09,0
0.0,2.456089e-09,0
0.0,9.968595e-09,0
0.0,7.1010486e-09,0
0.0,2.1277502e-09,0
0.0,1.8219235e-09,0
0.0,1.9949893e-09,0
0.0,2.2247058e-09,0
0.0,1.0525856e-09,0
0.0,2.5230191e-09,0
1.0,0.8068118,1
1.0,0.8068118,1
1.0,0.8068118,1
1.0,1.0,1
1.0,0.9999988,1
1.0,1.0,1
1.0,1.0,1
1.0,1.0,1
1.0,1.0,1
1.0,1.0,1
1.0,1.0,1
1.0,0.9999999,1
1.0,1.0,1
0.0,3.1769865e-08,1
1.0,0.9956001,1
0.0,0.00012009203,1
1.0,0.6561864,1
1.0,1.0,1
1.0,1.0,1
1.0,1.0,1
1.0,1.0,1
1.0,1.0,1
1.0,1.0,1
1.0,1.0,1
1.0,1.0,1
1.0,1.0,1
0.0,1.6200303e-07,1
1.0,0.99998677,1
1.0,1.0,1
1.0,1.0,1
1.0,1.0,1
1.0,1.0,1
1.0,1.0,1
1.0,1.0,1
1.0,1.0,1
1.0,0.9999937,1
1.0,1.0,1
1.0,1.0,1
1.0,1.0,1
1.0,1.0,1
1.0,1.0,1
1.0,1.0,1
1.0,0.99997985,1
1.0,1.0,1
1.0,1.0,1
1.0,1.0,1
1.0,1.0,1
1.0,1.0,1
1.0,1.0,1
1.0,1.0,1
1.0,1.0,1
1.0,0.9997136,1
1.0,1.0,1
1.0,1.0,1
1.0,1.0,1
1.0,1.0,1
1.0,1.0,1
1.0,1.0,1
1.0,1.0,1
1.0,1.0,1
1.0,1.0,1
1.0,1.0,1
1.0,1.0,1
1.0,1.0,1
1.0,1.0,1
1.0,1.0,1
1.0,1.0,1
1.0,0.99517184,1
1.0,0.99999833,1
1.0,0.99999917,1
1.0,0.9999999,1
1.0,1.0,1
1.0,0.99999714,1
1.0,0.99999964,1
1.0,1.0,1
1.0,1.0,1
1.0,1.0,1
1.0,1.0,1
1.0,0.9999138,1
1.0,1.0,1
1.0,0.99999714,1
1.0,1.0,1
1.0,1.0,1
1.0,1.0,1
1.0,1.0,1
1.0,1.0,1
1.0,1.0,1
1.0,1.0,1
1.0,1.0,1
1.0,1.0,1
0.0,9.217438e-06,1
1.0,1.0,1
1.0,1.0,1
1.0,1.0,1
1.0,1.0,1
1.0,0.9999999,1
1.0,1.0,1
1.0,1.0,1
1.0,1.0,1
1.0,1.0,1
1.0,0.8068118,1
1.0,0.8068118,1
1.0,1.0,1
1.0,1.0,1
1.0,1.0,1
0.0,0.007366265,1
1.0,1.0,1
1.0,1.0,1
1.0,1.0,1
1.0,1.0,1
1.0,1.0,1
1.0,1.0,1
1.0,1.0,1
1.0,1.0,1
1.0,1.0,1
1.0,1.0,1
1.0,1.0,1
1.0,1.0,1
1.0,1.0,1
1.0,0.99997866,1
1.0,1.0,1
1.0,1.0,1
1.0,1.0,1
1.0,1.0,1
1.0,1.0,1
1.0,1.0,1
1.0,1.0,1
1.0,1.0,1
1.0,1.0,1
1.0,1.0,1
1.0,1.0,1
1.0,1.0,1
1.0,1.0,1
1.0,1.0,1
1.0,1.0,1
1.0,1.0,1
1.0,1.0,1
1.0,1.0,1
1.0,1.0,1
1.0,0.99437004,1
1.0,1.0,1
1.0,0.99999976,1
0.0,0.08883385,1
1.0,0.9999988,1
1.0,1.0,1
1.0,1.0,1
1.0,1.0,1
1.0,1.0,1
1.0,1.0,1
1.0,1.0,1
1.0,0.9998987,1
1.0,0.9990822,1
1.0,0.9862554,1
1.0,1.0,1
1.0,1.0,1
1.0,1.0,1
1.0,1.0,1
1.0,1.0,1
1.0,1.0,1
1.0,1.0,1
1.0,1.0,1
1.0,1.0,1
1.0,1.0,1
1.0,1.0,1
1.0,1.0,1
1.0,1.0,1
1.0,1.0,1
1.0,0.8068118,1
1.0,0.9999999,1
1.0,1.0,1
1.0,1.0,1
0.0,0.0035840943,1
1.0,0.9995028,1
1.0,0.996267,1
1.0,0.93741375,1
1.0,0.9999479,1
1.0,0.9999974,1
1.0,0.9999038,1
1.0,0.9362204,1
1.0,0.9925545,1
1.0,0.9998791,1
1.0,0.9999974,1
1.0,0.9999938,1
1.0,0.9999999,1
0.0,0.13528168,1
0.0,0.003288519,1
1.0,0.9999583,1
1.0,0.8068118,1
1.0,1.0,1
1.0,1.0,1
1.0,1.0,1
1.0,1.0,1
1.0,1.0,1
1.0,1.0,1
1.0,1.0,1
1.0,1.0,1
1.0,1.0,1
1.0,1.0,1
1.0,1.0,1
1.0,1.0,1
1.0,1.0,1
1.0,1.0,1
1.0,1.0,1
1.0,1.0,1
1.0,1.0,1
1.0,1.0,1
1.0,1.0,1
1.0,1.0,1
1.0,1.0,1
1.0,0.8068118,1
1.0,0.8068118,1
1.0,1.0,1
1.0,0.99999547,1
1.0,0.8068118,1
1.0,0.8068118,1
1.0,0.9999969,1
1.0,1.0,1
1.0,1.0,1
1.0,1.0,1
1.0,0.99962986,1
1.0,1.0,1
1.0,1.0,1
1.0,1.0,1
1.0,1.0,1
1.0,1.0,1
1.0,0.99999976,1
1.0,1.0,1
1.0,1.0,1
1.0,0.9999999,1
1.0,0.9999999,1
1.0,1.0,1
1.0,0.8068118,1
1.0,0.8068118,1
1.0,0.8068118,1
1.0,0.8068118,1
1.0,0.9999999,1
1.0,1.0,1
1.0,1.0,1
1.0,1.0,1
1.0,1.0,1
1.0,1.0,1
1.0,1.0,1
1.0,1.0,1
1.0,1.0,1
1.0,0.9999975,1
1.0,0.8068118,1
1.0,0.8068118,1
1.0,1.0,1
1.0,1.0,1
1.0,0.8068118,1
1.0,0.8068118,1
1.0,0.8068118,1
1.0,0.8068118,1
1.0,0.99999785,1
1.0,1.0,1
1.0,0.9990501,1
1.0,1.0,1
1.0,1.0,1
1.0,1.0,1
1.0,1.0,1
1.0,1.0,1
1.0,1.0,1
1.0,1.0,1
1.0,1.0,1
1.0,1.0,1
1.0,1.0,1
1.0,0.9977164,1
1.0,1.0,1
1.0,1.0,1
1.0,1.0,1
1.0,1.0,1
1.0,1.0,1
1.0,1.0,1
1.0,1.0,1
1.0,0.9999999,1
1.0,1.0,1
1.0,0.9999999,1
1.0,1.0,1
1.0,1.0,1
1.0,0.9999933,1
1.0,1.0,1
1.0,1.0,1
1.0,1.0,1
1.0,0.999938,1
1.0,0.9999999,1
1.0,0.9999906,1
1.0,0.99999976,1
1.0,0.99999714,1
1.0,1.0,1
1.0,1.0,1
1.0,1.0,1
1.0,0.99999976,1
1.0,1.0,1
1.0,1.0,1
1.0,0.999998,1
0.0,0.007976803,1
1.0,0.9999999,1
1.0,1.0,1
1.0,1.0,1
1.0,1.0,1
1.0,1.0,1
1.0,1.0,1
1.0,1.0,1
1.0,1.0,1
1.0,1.0,1
1.0,1.0,1
1.0,1.0,1
1.0,1.0,1
1.0,1.0,1
1.0,1.0,1
1.0,1.0,1
1.0,1.0,1
1.0,1.0,1
1.0,1.0,1
1.0,1.0,1
1.0,1.0,1
1.0,1.0,1
0.0,1.0213264e-09,0
0.0,2.3608986e-09,0
0.0,2.4173792e-09,0
0.0,3.0196587e-09,0
0.0,1.6414287e-08,0
0.0,2.0079802e-09,0
0.0,1.2213888e-09,0
0.0,1.6509731e-09,0
0.0,1.0647353e-09,0
0.0,8.053985e-10,0
0.0,2.451222e-09,0
0.0,1.4376607e-09,0
0.0,1.651918e-09,0
0.0,2.8720177e-09,0
0.0,1.6576657e-09,0
0.0,1.3469891e-09,0
0.0,8.546549e-10,0
0.0,1.2664253e-08,0
0.0,9.435065e-10,0
0.0,1.5614114e-09,0
0.0,2.1026654e-08,0
0.0,2.6252667e-09,0
0.0,4.918931e-09,0
0.0,7.905095e-10,0
0.0,1.1242178e-09,0
0.0,9.409442e-09,0
0.0,3.4035545e-09,0
0.0,1.0536267e-08,0
0.0,2.7652711e-09,0
0.0,2.1978437e-09,0
0.0,2.2279585e-09,0
0.0,1.3892727e-09,0
0.0,1.1868401e-09,0
0.0,2.0029743e-08,0
0.0,5.7089666e-09,0
0.0,2.5256093e-09,0
0.0,2.9516231e-08,0
0.0,1.3134166e-09,0
0.0,2.4527513e-09,0
0.0,1.3592766e-09,0
0.0,1.444389e-09,0
0.0,3.1208713e-09,0
0.0,3.139026e-09,0
0.0,6.275699e-08,0
0.0,2.113605e-09,0
0.0,9.81297e-07,0
0.0,3.3454295e-09,0
0.0,1.0496666e-09,0
0.0,1.6625364e-08,0
0.0,8.179573e-09,0
0.0,2.370772e-09,0
0.0,2.3898676e-09,0
0.0,7.0637884e-10,0
0.0,9.554225e-10,0
0.0,1.6067596e-09,0
0.0,1.5953416e-09,0
0.0,9.460762e-10,0
0.0,1.7497789e-09,0
0.0,3.3610095e-09,0
0.0,1.8006184e-09,0
0.0,1.4730998e-08,0
0.0,8.997582e-09,0
0.0,3.03745e-09,0
0.0,3.6446224e-08,0
0.0,4.305205e-09,0
0.0,1.2195173e-09,0
0.0,1.5815987e-09,0
0.0,1.6685364e-09,0
0.0,3.521918e-09,0
0.0,1.4697901e-09,0
0.0,1.0215679e-09,0
0.0,1.814419e-09,0
0.0,2.1143511e-09,0
0.0,1.4580962e-09,0
0.0,2.3943296e-09,0
0.0,1.6554633e-09,0
0.0,3.317066e-09,0
0.0,1.0745301e-09,0
0.0,1.3746175e-09,0
1.0,0.8068118,0
0.0,2.2234984e-07,0
0.0,1.528474e-09,0
0.0,7.4233344e-09,0
0.0,2.205049e-09,0
0.0,4.6976445e-09,0
0.0,2.1001312e-09,0
0.0,9.817898e-10,0
0.0,4.0813375e-09,0
0.0,2.5203173e-08,0
0.0,2.9791665e-09,0
0.0,8.176344e-09,0
0.0,2.1648137e-09,0
0.0,4.748651e-09,0
0.0,4.9116182e-09,0
0.0,1.4050164e-09,0
0.0,1.5669077e-08,0
0.0,1.0447351e-09,0
0.0,2.8686344e-09,0
0.0,2.7887141e-09,0
0.0,8.0556295e-10,0
0.0,5.8170038e-09,0
0.0,1.1755126e-09,0
0.0,5.0571303e-09,0
0.0,1.1650018e-09,0
0.0,2.0650808e-09,0
0.0,1.7143125e-09,0
0.0,7.841004e-10,0
0.0,2.3546882e-09,0
0.0,5.8252275e-10,0
0.0,4.2183044e-09,0
0.0,1.2988182e-09,0
0.0,2.3154954e-09,0
0.0,3.7612477e-07,0
0.0,9.375865e-10,0
0.0,9.434524e-10,0
0.0,1.3983273e-09,0
0.0,9.0807467e-10,0
0.0,8.8739616e-10,0
0.0,2.22634e-09,0
0.0,4.5030983e-09,0
0.0,1.0160183e-09,0
0.0,1.8153847e-09,0
0.0,1.6206718e-09,0
0.0,0.000109281806,0
0.0,9.212389e-10,0
0.0,1.8791266e-09,0
0.0,1.4193567e-09,0
0.0,3.3595227e-09,0
0.0,1.1093204e-09,0
0.0,5.4207097e-09,0
0.0,1.63593e-06,0
0.0,1.2642115e-09,0
0.0,2.6345377e-08,0
0.0,4.4781505e-08,0
0.0,6.013454e-10,0
0.0,2.3870794e-09,0
0.0,9.811065e-10,0
0.0,2.2055706e-09,0
0.0,2.2075444e-09,0
0.0,2.627551e-09,0
0.0,2.8956586e-09,0
0.0,1.947631e-09,0
0.0,3.0710243e-07,0
0.0,2.1989669e-07,0
0.0,7.757432e-10,0
0.0,1.1538562e-09,0
0.0,7.392021e-10,0
0.0,1.2489422e-09,0
0.0,2.6693567e-09,0
0.0,2.8714146e-07,0
0.0,2.9052183e-09,0
0.0,1.868273e-09,0
0.0,3.2431693e-09,0
0.0,2.6967144e-09,0
0.0,3.6280368e-09,0
0.0,1.1108957e-09,0
0.0,2.7422293e-09,0
0.0,3.1647078e-09,0
0.0,2.490773e-09,0
0.0,8.016391e-10,0
0.0,2.8571128e-09,0
0.0,2.1515096e-09,0
0.0,3.4028729e-09,0
0.0,1.3668735e-09,0
0.0,2.2496904e-08,0
0.0,5.746545e-10,0
0.0,3.851344e-09,0
0.0,3.550773e-09,0
0.0,1.2355269e-09,0
0.0,4.4018647e-09,0
0.0,1.331982e-09,0
0.0,5.171099e-08,0
0.0,2.4582167e-09,0
0.0,8.707886e-10,0
0.0,1.8263212e-09,0
0.0,6.0031553e-09,0
0.0,2.6846798e-09,0
0.0,2.3098421e-07,0
0.0,1.1647462e-09,0
0.0,1.5117513e-08,0
0.0,2.2079487e-09,0
0.0,2.088005e-09,0
0.0,2.2719182e-09,0
0.0,5.644866e-09,0
0.0,1.7577301e-09,0
0.0,2.7129914e-09,0
0.0,2.707109e-09,0
0.0,6.7500655e-10,0
0.0,4.346683e-09,0
0.0,1.9504376e-09,0
0.0,5.971909e-09,0
0.0,7.0425865e-10,0
0.0,1.9330975e-09,0
0.0,9.5511205e-06,0
0.0,1.3400931e-09,0
0.0,1.5186373e-09,0
0.0,1.9438864e-09,0
0.0,8.614093e-09,0
0.0,6.559625e-05,0
0.0,2.5631859e-09,0
0.0,1.1768294e-09,0
0.0,3.5631003e-09,0
0.0,1.08214e-09,0
0.0,7.5989204e-10,0
0.0,5.677519e-09,0
0.0,1.2792722e-09,0
0.0,3.0220555e-09,0
0.0,7.443648e-10,0
0.0,2.4673767e-09,0
0.0,8.4292745e-10,0
0.0,4.898299e-08,0
0.0,5.645469e-09,0
0.0,2.5695348e-09,0
0.0,6.3608243e-09,0
0.0,1.5783652e-09,0
0.0,1.3386063e-09,0
0.0,1.2643755e-09,0
0.0,7.029462e-10,0
0.0,1.9291193e-09,0
0.0,1.3565415e-09,0
0.0,1.3297812e-09,0
0.0,4.251543e-09,0
0.0,2.2714937e-09,0
0.0,1.7862106e-09,0
0.0,3.1289595e-09,0
0.0,3.1709373e-09,0
0.0,6.65242e-09,0
0.0,1.0949419e-09,0
0.0,4.4107505e-08,0
0.0,2.2146802e-09,0
0.0,1.1503293e-09,0
0.0,8.250415e-08,0
0.0,1.4830649e-09,0
0.0,4.2976818e-09,0
0.0,2.0423148e-09,0
0.0,1.8342493e-09,0
0.0,2.4098155e-09,0
0.0,2.8572327e-09,0
0.0,4.243563e-09,0
0.0,1.1283984e-09,0
0.0,2.536389e-09,0
0.0,1.172342e-09,0
0.0,1.8943525e-09,0
0.0,1.1676874e-08,0
0.0,1.6802091e-09,0
0.0,1.5961117e-09,0
0.0,1.0808591e-09,0
0.0,8.806029e-10,0
0.0,1.8560763e-09,0
0.0,3.6780707e-09,0
0.0,1.6009228e-09,0
0.0,3.1975085e-09,0
0.0,1.0015511e-09,0
0.0,7.942126e-09,0
0.0,2.7514762e-09,0
0.0,1.2264621e-08,0
0.0,7.0014727e-09,0
0.0,9.386212e-09,0
0.0,1.1908582e-09,0
0.0,3.0470027e-08,0
0.0,6.931695e-10,0
0.0,1.2617906e-09,0
0.0,1.0759883e-09,0
0.0,2.5258118e-09,0
0.0,6.516708e-10,0
0.0,1.7878136e-08,0
0.0,1.0725438e-09,0
0.0,1.896319e-09,0
0.0,5.3173244e-09,0
0.0,4.2159236e-09,0
0.0,8.079834e-10,0
1.0,1.0,1
1.0,0.9999999,1
1.0,1.0,1
1.0,0.9999999,1
1.0,1.0,1
1.0,0.9999995,1
1.0,1.0,1
1.0,1.0,1
1.0,0.9999894,1
1.0,1.0,1
1.0,1.0,1
1.0,0.99999833,1
1.0,1.0,1
1.0,0.99533266,1
1.0,1.0,1
1.0,0.9999994,1
1.0,0.99899775,1
1.0,0.9999995,1
1.0,1.0,1
1.0,1.0,1
1.0,1.0,1
1.0,1.0,1
1.0,0.99999726,1
1.0,1.0,1
1.0,1.0,1
1.0,0.99999976,1
1.0,1.0,1
1.0,1.0,1
1.0,1.0,1
1.0,1.0,1
0.0,0.0034632902,1
1.0,1.0,1
1.0,1.0,1
1.0,1.0,1
1.0,1.0,1
1.0,1.0,1
1.0,1.0,1
1.0,1.0,1
1.0,0.9999981,1
1.0,1.0,1
1.0,1.0,1
1.0,0.99999416,1
1.0,1.0,1
1.0,1.0,1
1.0,0.9999993,1
1.0,1.0,1
1.0,1.0,1
1.0,1.0,1
1.0,0.9999552,1
1.0,1.0,1
1.0,1.0,1
1.0,1.0,1
1.0,1.0,1
1.0,1.0,1
1.0,1.0,1
1.0,1.0,1
1.0,1.0,1
1.0,1.0,1
1.0,1.0,1
1.0,0.9999938,1
1.0,1.0,1
1.0,1.0,1
1.0,1.0,1
1.0,1.0,1
1.0,1.0,1
1.0,1.0,1
1.0,1.0,1
1.0,1.0,1
1.0,1.0,1
1.0,1.0,1
1.0,1.0,1
1.0,1.0,1
1.0,1.0,1
1.0,1.0,1
1.0,1.0,1
1.0,1.0,1
1.0,0.9998313,1
1.0,0.9999896,1
1.0,0.9999999,1
1.0,0.9999993,1
1.0,1.0,1
1.0,0.99995244,1
1.0,1.0,1
1.0,1.0,1
1.0,1.0,1
1.0,1.0,1
1.0,1.0,1
1.0,1.0,1
1.0,0.9999999,1
1.0,1.0,1
1.0,1.0,1
1.0,1.0,1
1.0,1.0,1
1.0,1.0,1
1.0,1.0,1
1.0,1.0,1
1.0,0.9999999,1
1.0,1.0,1
1.0,1.0,1
1.0,1.0,1
1.0,1.0,1
1.0,1.0,1
1.0,1.0,1
1.0,1.0,1
1.0,1.0,1
1.0,0.9999999,1
1.0,1.0,1
1.0,1.0,1
1.0,1.0,1
1.0,1.0,1
1.0,1.0,1
1.0,1.0,1
1.0,1.0,1
1.0,0.9999845,1
0.0,0.020664414,1
1.0,1.0,1
1.0,1.0,1
1.0,0.9999999,1
1.0,0.9999995,1
0.0,0.0002585743,1
1.0,0.9999995,1
1.0,1.0,1
1.0,1.0,1
1.0,1.0,1
1.0,1.0,1
1.0,1.0,1
1.0,1.0,1
1.0,1.0,1
1.0,1.0,1
1.0,0.99997497,1
1.0,1.0,1
1.0,1.0,1
1.0,0.99999976,1
1.0,1.0,1
1.0,1.0,1
1.0,1.0,1
1.0,1.0,1
1.0,1.0,1
1.0,1.0,1
1.0,1.0,1
1.0,0.9999999,1
1.0,1.0,1
1.0,0.9999982,1
1.0,1.0,1
1.0,1.0,1
1.0,1.0,1
1.0,1.0,1
1.0,1.0,1
1.0,1.0,1
1.0,0.99998236,1
1.0,0.9999913,1
1.0,1.0,1
1.0,1.0,1
1.0,1.0,1
1.0,0.9999999,1
1.0,1.0,1
1.0,1.0,1
1.0,0.8068118,1
1.0,0.9999999,1
1.0,0.54717505,1
1.0,0.99999964,1
1.0,1.0,1
1.0,0.992615,1
1.0,1.0,1
1.0,1.0,1
1.0,1.0,1
1.0,1.0,1
1.0,0.99925715,1
1.0,1.0,1
1.0,1.0,1
1.0,1.0,1
1.0,1.0,1
1.0,1.0,1
1.0,1.0,1
1.0,1.0,1
1.0,1.0,1
1.0,1.0,1
1.0,1.0,1
1.0,1.0,1
1.0,1.0,1
1.0,1.0,1
1.0,1.0,1
1.0,1.0,1
1.0,0.99999976,1
1.0,1.0,1
1.0,0.9999994,1
1.0,1.0,1
1.0,1.0,1
1.0,0.9999999,1
1.0,1.0,1
1.0,1.0,1
1.0,1.0,1
1.0,1.0,1
1.0,1.0,1
1.0,0.9999999,1
1.0,1.0,1
0.0,2.7937845e-06,1
1.0,1.0,1
1.0,0.99999976,1
1.0,0.99999976,1
1.0,0.9999994,1
1.0,0.9999999,1
1.0,0.99999845,1
1.0,0.9999969,1
1.0,1.0,1
1.0,0.9999994,1
1.0,1.0,1
1.0,1.0,1
1.0,1.0,1
1.0,1.0,1
1.0,1.0,1
1.0,0.9999995,1
1.0,1.0,1
1.0,1.0,1
1.0,0.99965036,1
1.0,1.0,1
1.0,1.0,1
1.0,1.0,1
0.0,0.0035066449,1
1.0,1.0,1
1.0,1.0,1
1.0,1.0,1
1.0,1.0,1
1.0,1.0,1
1.0,1.0,1
1.0,1.0,1
1.0,1.0,1
1.0,1.0,1
1.0,0.9999999,1
1.0,1.0,1
1.0,1.0,1
1.0,1.0,1
1.0,0.99897516,1
1.0,1.0,1
1.0,1.0,1
1.0,1.0,1
1.0,1.0,1
1.0,1.0,1
1.0,1.0,1
1.0,1.0,1
1.0,1.0,1
1.0,1.0,1
1.0,1.0,1
1.0,1.0,1
1.0,1.0,1
1.0,1.0,1
1.0,1.0,1
1.0,1.0,1
1.0,1.0,1
1.0,1.0,1
1.0,1.0,1
1.0,1.0,1
1.0,1.0,1
1.0,1.0,1
1.0,1.0,1
1.0,1.0,1
1.0,1.0,1
1.0,1.0,1
1.0,1.0,1
1.0,1.0,1
1.0,1.0,1
1.0,1.0,1
1.0,1.0,1
1.0,1.0,1
1.0,1.0,1
1.0,1.0,1
1.0,1.0,1
1.0,1.0,1
1.0,1.0,1
1.0,1.0,1
1.0,1.0,1
1.0,1.0,1
1.0,0.9999993,1
1.0,1.0,1
1.0,1.0,1
1.0,1.0,1
1.0,1.0,1
1.0,1.0,1
1.0,0.99999917,1
1.0,1.0,1
1.0,1.0,1
1.0,1.0,1
1.0,1.0,1
1.0,1.0,1
1.0,0.9999999,1
1.0,1.0,1
1.0,1.0,1
1.0,1.0,1
1.0,1.0,1
1.0,1.0,1
1.0,1.0,1
1.0,1.0,1
1.0,1.0,1
1.0,1.0,1
1.0,1.0,1
1.0,1.0,1
1.0,1.0,1
1.0,1.0,1
1.0,0.9999988,1
1.0,1.0,1
1.0,1.0,1
0.0,0.0009901805,1
1.0,0.9999994,1
1.0,1.0,1
1.0,1.0,1
1.0,1.0,1
1.0,1.0,1
1.0,1.0,1
1.0,1.0,1
1.0,1.0,1
1.0,1.0,1
1.0,1.0,1
1.0,0.9999715,1
1.0,1.0,1
1.0,0.9999931,1
1.0,1.0,1
1.0,1.0,1
1.0,0.9999995,1
1.0,0.9998363,1
1.0,1.0,1
1.0,1.0,1
0.0,4.5714565e-09,0
0.0,6.9926266e-08,0
0.0,3.815321e-09,0
0.0,7.8496676e-10,0
0.0,2.0872803e-09,0
0.0,1.0820018e-09,0
0.0,2.3642244e-09,0
0.0,5.673294e-10,0
0.0,2.8393807e-09,0
0.0,3.6789056e-09,0
0.0,2.076626e-09,0
0.0,4.184416e-09,0
0.0,2.3582165e-09,0
0.0,1.5823531e-09,0
0.0,3.1489924e-09,0
0.0,6.782514e-09,0
0.0,2.9402827e-09,0
0.0,1.8959974e-09,0
0.0,1.1050525e-09,0
0.0,1.2713546e-09,0
0.0,9.4026646e-08,0
0.0,2.5328553e-09,0
0.0,9.885662e-09,0
0.0,1.5211827e-09,0
0.0,1.15540104e-07,0
0.0,7.096526e-09,0
0.0,2.5678248e-09,0
0.0,1.82963e-09,0
0.0,7.162707e-10,0
0.0,1.2173745e-09,0
1.0,0.8068118,0
0.0,1.4584884e-09,0
0.0,8.9257535e-10,0
0.0,7.490955e-08,0
0.0,8.337476e-10,0
0.0,9.350988e-10,0
0.0,2.9814289e-09,0
0.0,1.6360644e-09,0
0.0,5.2713474e-09,0
0.0,8.116089e-09,0
0.0,7.8826606e-10,0
0.0,6.5362054e-09,0
0.0,2.553568e-09,0
0.0,2.2912487e-09,0
0.0,6.3217453e-09,0
0.0,5.6608878e-09,0
0.0,2.930988e-09,0
0.0,4.9731272e-09,0
0.0,7.9298607e-10,0
0.0,1.1185072e-09,0
0.0,1.8594077e-08,0
0.0,1.2701603e-08,0
0.0,3.6220769e-09,0
0.0,9.417841e-10,0
0.0,2.1243074e-09,0
0.0,3.2062413e-09,0
0.0,3.3329972e-09,0
0.0,4.7511968e-09,0
0.0,3.944138e-07,0
0.0,2.0448405e-09,0
0.0,2.42942e-09,0
0.0,5.4762417e-10,0
0.0,1.129984e-08,0
0.0,8.910461e-10,0
0.0,1.2697721e-09,0
0.0,1.4674484e-09,0
0.0,4.5966924e-08,0
0.0,2.202611e-09,0
0.0,2.4457576e-09,0
0.0,2.1076512e-09,0
0.0,1.0193996e-09,0
0.0,1.0625185e-08,0
0.0,3.6441847e-07,0
0.0,1.2979811e-09,0
0.0,3.9703414e-09,0
0.0,8.2609575e-10,0
0.0,2.1920286e-09,0
0.0,3.1664227e-09,0
0.0,7.9404145e-09,0
0.0,9.835859e-09,0
0.0,1.1989815e-08,0
0.0,1.479776e-09,0
0.0,4.2078682e-07,0
0.0,1.9698525e-09,0
0.0,4.018614e-09,0
0.0,1.8685047e-09,0
0.0,1.0433476e-08,0
0.0,3.2395713e-09,0
0.0,2.4738607e-09,0
0.0,3.4921932e-08,0
0.0,1.7078831e-09,0
0.0,1.3861309e-09,0
0.0,3.848196e-08,0
0.0,2.1496964e-09,0
0.0,2.852698e-08,0
0.0,3.5350975e-08,0
0.0,1.0675232e-09,0
0.0,1.5749549e-09,0
0.0,8.684057e-07,0
0.0,2.8811968e-09,0
0.0,6.708497e-09,0
0.0,1.932961e-09,0
0.0,1.9754551e-09,0
0.0,1.127699e-09,0
0.0,1.6010664e-09,0
0.0,2.6412585e-09,0
0.0,1.029162e-09,0
0.0,1.0782173e-09,0
0.0,1.8373447e-09,0
0.0,2.1670319e-09,0
0.0,1.3184012e-09,0
0.0,5.1985682e-09,0
0.0,2.230033e-09,0
0.0,3.1836271e-09,0
0.0,3.5379015e-09,0
0.0,1.0835196e-09,0
0.0,1.8488048e-09,0
0.0,1.3960408e-09,0
0.0,8.809053e-10,0
0.0,1.7990118e-09,0
0.0,2.2873887e-09,0
0.0,3.4495253e-09,0
0.0,4.4563357e-09,0
0.0,1.0866494e-08,0
0.0,7.811571e-09,0
0.0,2.4910674e-09,0
0.0,2.0789128e-09,0
0.0,2.3897215e-09,0
0.0,2.3942384e-09,0
0.0,2.1795548e-09,0
0.0,1.5380546e-09,0
0.0,2.3327527e-09,0
0.0,5.1637073e-07,0
0.0,4.477781e-09,0
0.0,3.3842205e-08,0
0.0,3.461448e-09,0
0.0,1.3834922e-09,0
0.0,8.82407e-10,0
0.0,3.262334e-09,0
0.0,2.1752643e-07,0
0.0,3.9227386e-09,0
0.0,1.5192255e-09,0
0.0,1.1779073e-09,0
0.0,9.615064e-10,0
0.0,1.5795156e-09,0
0.0,7.841502e-09,0
0.0,2.2162776e-09,0
0.0,1.9342554e-09,0
0.0,5.978995e-10,0
0.0,2.744317e-09,0
0.0,8.5867924e-10,0
0.0,2.4188826e-09,0
0.0,2.6028204e-09,0
0.0,3.2654777e-09,0
0.0,5.42849e-09,0
0.0,4.818126e-09,0
0.0,2.4557893e-09,0
0.0,6.239556e-09,0
0.0,9.364753e-07,0
0.0,1.5718639e-09,0
0.0,1.5568199e-09,0
0.0,6.7930234e-10,0
0.0,1.2159357e-09,0
0.0,1.0139666e-08,0
0.0,1.4422583e-09,0
0.0,4.6135544e-09,0
0.0,1.7718303e-09,0
0.0,1.4875325e-09,0
0.0,1.6709536e-09,0
0.0,1.9750594e-09,0
0.0,2.606094e-09,0
0.0,3.4727563e-09,0
0.0,3.0345317e-09,0
0.0,2.4625717e-09,0
0.0,1.8813895e-09,0
0.0,1.44697e-09,0
0.0,1.7772899e-09,0
0.0,1.8711865e-09,0
0.0,1.5908962e-09,0
0.0,1.8721114e-09,0
0.0,8.1561846e-10,0
0.0,1.312022e-09,0
0.0,2.3965594e-09,0
0.0,1.4257491e-09,0
0.0,1.3825011e-08,0
0.0,9.9421854e-08,0
0.0,6.436985e-08,0
0.0,6.177175e-09,0
0.0,8.003898e-09,0
0.0,1.2206622e-09,0
0.0,3.6967298e-09,0
0.0,3.826814e-09,0
0.0,6.3853784e-09,0
0.0,1.4826068e-09,0
0.0,0.041271236,0
0.0,2.0131536e-09,0
0.0,1.4677172e-09,0
0.0,9.161818e-10,0
0.0,2.0785242e-09,0
0.0,2.2439126e-09,0
0.0,9.138926e-07,0
0.0,1.4622349e-09,0
0.0,1.832408e-07,0
0.0,1.2794821e-09,0
1.0,0.8068118,0
0.0,1.2045188e-09,0
0.0,4.147517e-08,0
0.0,2.0678241e-09,0
0.0,1.0592601e-09,0
0.0,1.8141767e-09,0
0.0,5.6111027e-10,0
0.0,3.6513346e-09,0
0.0,2.3560496e-09,0
0.0,1.6643313e-09,0
0.0,6.5085093e-10,0
0.0,1.3142912e-09,0
0.0,3.5846681e-09,0
0.0,3.0930605e-09,0
0.0,1.211067e-07,0
0.0,2.2847466e-09,0
0.0,9.456179e-10,0
0.0,3.739473e-08,0
0.0,7.6844187e-10,0
0.0,2.855217e-09,0
0.0,4.7004316e-09,0
0.0,7.0298694e-07,0
0.0,1.6389221e-09,0
0.0,1.7185685e-09,0
0.0,1.0536885e-09,0
0.0,2.0406987e-09,0
0.0,2.4140847e-09,0
0.0,3.2404428e-09,0
0.0,2.2604207e-09,0
0.0,1.876172e-09,0
0.0,1.2038988e-09,0
0.0,7.7877493e-10,0
0.0,4.8124615e-08,0
0.0,1.2677587e-09,0
0.0,4.4860666e-08,0
0.0,2.0884712e-09,0
0.0,2.8764144e-09,0
0.0,5.5477343e-09,0
0.0,1.864439e-09,0
0.0,1.8653568e-09,0
0.0,1.1748065e-09,0
0.0,1.470623e-09,0
0.0,1.825083e-07,0
0.0,2.2932773e-09,0
0.0,2.3289604e-09,0
0.0,3.7437458e-09,0
0.0,1.2894704e-09,0
0.0,1.4105989e-09,0
0.0,2.1689632e-09,0
0.0,1.265116e-09,0
0.0,2.631965e-09,0
0.0,1.1359282e-09,0
0.0,7.6533695e-09,0
0.0,7.673785e-10,0
0.0,1.8524793e-09,0
0.0,1.3558051e-08,0
0.0,2.1214448e-09,0
0.0,2.0343071e-08,0
0.0,1.1014478e-09,0
0.0,2.7059386e-08,0
0.0,3.4017178e-09,0
0.0,4.3608663e-09,0
0.0,2.00121e-08,0
0.0,3.6900254e-08,0
0.0,7.1702697e-09,0
0.0,1.8800514e-09,0
0.0,1.5913119e-09,0
0.0,1.1002012e-08,0
0.0,4.8972497e-09,0
0.0,3.0363148e-09,0
0.0,2.4997407e-08,0
0.0,1.2900535e-09,0
0.0,1.9600156e-08,0
0.0,3.272742e-09,0
0.0,1.5116208e-09,0
0.0,1.3442659e-09,0
0.0,1.2082073e-09,0
0.0,2.8974156e-09,0
0.0,1.762692e-09,0
0.0,3.6161818e-09,0
0.0,2.9222351e-09,0
0.0,1.652334e-09,0
0.0,1.0756538e-09,0
0.0,1.6214943e-09,0
0.0,2.2359619e-09,0
0.0,1.3295351e-09,0
0.0,8.732357e-09,0
0.0,3.7502925e-09,0
0.0,1.1987089e-09,0
0.0,9.2406166e-10,0
0.0,3.0247715e-09,0
0.0,8.268745e-10,0
0.0,1.8127447e-09,0
0.0,8.541326e-08,0
0.0,0.019994963,0
0.0,1.0493404e-09,0
0.0,9.325748e-10,0
0.0,9.119661e-10,0
0.0,3.118509e-09,0
0.0,1.2660655e-08,0
0.0,9.52562e-10,0
0.0,4.0827386e-09,0
0.0,6.898712e-09,0
0.0,1.510514e-09,0
0.0,3.3712564e-09,0
0.0,9.613634e-10,0
0.0,2.4092366e-09,0
0.0,9.0008734e-10,0
0.0,1.3160371e-09,0
0.0,2.6919662e-09,0
0.0,4.3935546e-07,0
0.0,5.912787e-06,0
0.0,0.0014494742,0
1.0,1.0,1
1.0,1.0,1
1.0,1.0,1
1.0,1.0,1
1.0,1.0,1
1.0,1.0,1
1.0,1.0,1
0.0,0.00039955863,1
1.0,1.0,1
1.0,1.0,1
1.0,1.0,1
1.0,1.0,1
1.0,1.0,1
1.0,1.0,1
1.0,1.0,1
1.0,1.0,1
1.0,1.0,1
1.0,1.0,1
1.0,1.0,1
1.0,1.0,1
1.0,1.0,1
1.0,1.0,1
1.0,1.0,1
1.0,1.0,1
1.0,1.0,1
1.0,0.99999905,1
1.0,0.9851194,1
1.0,1.0,1
1.0,1.0,1
1.0,1.0,1
1.0,1.0,1
1.0,0.9999999,1
1.0,0.99999845,1
1.0,1.0,1
1.0,1.0,1
1.0,0.9999567,1
1.0,1.0,1
1.0,1.0,1
1.0,1.0,1
1.0,0.9998011,1
1.0,1.0,1
1.0,1.0,1
1.0,1.0,1
1.0,1.0,1
1.0,1.0,1
1.0,1.0,1
1.0,1.0,1
1.0,1.0,1
1.0,0.9999994,1
1.0,0.9999999,1
1.0,0.9999988,1
1.0,1.0,1
1.0,0.99999964,1
1.0,1.0,1
1.0,1.0,1
1.0,1.0,1
1.0,1.0,1
1.0,1.0,1
1.0,1.0,1
1.0,1.0,1
1.0,1.0,1
1.0,1.0,1
0.0,2.5737101e-08,1
1.0,0.9999999,1
0.0,1.6555185e-07,1
1.0,0.9964431,1
1.0,1.0,1
1.0,1.0,1
1.0,1.0,1
1.0,1.0,1
1.0,1.0,1
1.0,1.0,1
1.0,1.0,1
1.0,1.0,1
1.0,1.0,1
1.0,1.0,1
1.0,1.0,1
1.0,1.0,1
1.0,1.0,1
1.0,1.0,1
1.0,1.0,1
1.0,1.0,1
1.0,1.0,1
1.0,1.0,1
0.0,0.0034656692,1
1.0,1.0,1
1.0,1.0,1
1.0,1.0,1
1.0,1.0,1
1.0,1.0,1
1.0,1.0,1
1.0,1.0,1
1.0,1.0,1
1.0,1.0,1
1.0,1.0,1
1.0,1.0,1
1.0,1.0,1
1.0,0.9914124,1
1.0,1.0,1
1.0,1.0,1
0.0,0.0016173834,1
1.0,1.0,1
0.0,6.818068e-07,1
1.0,1.0,1
1.0,1.0,1
1.0,1.0,1
1.0,1.0,1
1.0,1.0,1
1.0,1.0,1
1.0,1.0,1
1.0,1.0,1
1.0,1.0,1
1.0,1.0,1
1.0,0.9999976,1
1.0,1.0,1
1.0,1.0,1
1.0,1.0,1
1.0,0.99999976,1
1.0,1.0,1
1.0,1.0,1
1.0,1.0,1
1.0,1.0,1
1.0,1.0,1
1.0,0.99999833,1
1.0,1.0,1
1.0,1.0,1
1.0,1.0,1
1.0,1.0,1
1.0,1.0,1
1.0,1.0,1
1.0,1.0,1
1.0,1.0,1
1.0,1.0,1
1.0,1.0,1
1.0,0.9999999,1
1.0,1.0,1
1.0,1.0,1
1.0,1.0,1
1.0,1.0,1
1.0,1.0,1
1.0,1.0,1
1.0,1.0,1
1.0,1.0,1
1.0,1.0,1
1.0,1.0,1
1.0,1.0,1
1.0,1.0,1
1.0,1.0,1
1.0,0.99999964,1
1.0,1.0,1
1.0,1.0,1
1.0,1.0,1
1.0,1.0,1
1.0,1.0,1
1.0,1.0,1
1.0,1.0,1
1.0,0.9952355,1
1.0,0.6027872,1
1.0,1.0,1
1.0,1.0,1
1.0,1.0,1
1.0,1.0,1
1.0,1.0,1
1.0,1.0,1
1.0,1.0,1
1.0,1.0,1
1.0,1.0,1
1.0,1.0,1
1.0,1.0,1
1.0,1.0,1
1.0,1.0,1
1.0,1.0,1
1.0,1.0,1
1.0,1.0,1
1.0,1.0,1
1.0,1.0,1
1.0,1.0,1
1.0,0.9998672,1
1.0,1.0,1
1.0,1.0,1
1.0,0.99999976,1
1.0,1.0,1
1.0,1.0,1
1.0,1.0,1
1.0,1.0,1
1.0,1.0,1
1.0,1.0,1
1.0,1.0,1
1.0,1.0,1
1.0,1.0,1
1.0,1.0,1
1.0,1.0,1
1.0,1.0,1
1.0,1.0,1
1.0,0.9999989,1
1.0,0.72439194,1
1.0,1.0,1
0.0,7.4515947e-07,1
1.0,0.9999988,1
1.0,0.99999714,1
1.0,0.9999969,1
1.0,0.99984145,1
1.0,0.99999976,1
1.0,0.9999999,1
1.0,0.9999982,1
1.0,1.0,1
1.0,1.0,1
1.0,1.0,1
1.0,1.0,1
1.0,1.0,1
1.0,1.0,1
1.0,1.0,1
1.0,1.0,1
1.0,1.0,1
1.0,1.0,1
1.0,1.0,1
1.0,1.0,1
1.0,1.0,1
1.0,1.0,1
1.0,1.0,1
1.0,1.0,1
0.0,0.306763,1
1.0,1.0,1
1.0,1.0,1
1.0,1.0,1
1.0,1.0,1
1.0,0.9999999,1
1.0,0.99999976,1
1.0,1.0,1
0.0,0.054276563,1
0.0,3.4561173e-05,1
1.0,1.0,1
1.0,1.0,1
1.0,1.0,1
1.0,0.9999999,1
1.0,1.0,1
1.0,0.9999999,1
1.0,1.0,1
1.0,1.0,1
0.0,0.10259769,1
1.0,1.0,1
1.0,1.0,1
1.0,1.0,1
1.0,0.99688405,1
1.0,0.74173045,1
0.0,0.0341604,1
1.0,1.0,1
1.0,1.0,1
1.0,1.0,1
1.0,1.0,1
1.0,1.0,1
1.0,1.0,1
1.0,1.0,1
1.0,0.99999964,1
1.0,1.0,1
1.0,0.99999976,1
0.0,1.4224734e-09,0
0.0,3.8314005e-09,0
0.0,2.0216768e-09,0
0.0,1.2793559e-08,0
0.0,4.082427e-09,0
0.0,1.3054097e-09,0
0.0,2.0437254e-09,0
0.0,7.891299e-09,0
0.0,2.2117687e-08,0
0.0,5.878202e-09,0
0.0,1.4242896e-09,0
0.0,2.221658e-08,0
0.0,3.6414447e-09,0
0.0,8.99454e-10,0
0.0,4.5035193e-09,0
0.0,1.8339064e-09,0
0.0,6.634768e-09,0
0.0,2.6478966e-09,0
0.0,8.6644625e-10,0
0.0,1.1261665e-09,0
0.0,3.1949354e-09,0
0.0,1.4038913e-09,0
0.0,3.1606662e-09,0
0.0,6.1463616e-08,0
0.0,3.8344856e-09,0
0.0,8.7414715e-09,0
0.0,1.7075052e-09,0
0.0,2.6115028e-09,0
0.0,2.172151e-09,0
0.0,1.705819e-09,0
0.0,1.2164065e-09,0
0.0,1.8456972e-09,0
0.0,5.8855165e-09,0
0.0,1.1253227e-09,0
0.0,1.1475396e-09,0
0.0,2.3712603e-09,0
0.0,2.736414e-09,0
0.0,1.374586e-09,0
0.0,4.6325503e-08,0
0.0,3.136261e-09,0
0.0,2.9223577e-09,0
0.0,6.215787e-09,0
0.0,1.6888358e-09,0
0.0,1.5326961e-08,0
0.0,1.2638764e-09,0
0.0,4.8868833e-09,0
0.0,3.1577017e-09,0
0.0,3.1862455e-09,0
0.0,4.736213e-09,0
0.0,5.7167244e-09,0
0.0,5.54862e-10,0
0.0,2.0141062e-09,0
0.0,4.074042e-09,0
0.0,1.9157906e-09,0
0.0,3.0781238e-09,0
0.0,1.023206e-09,0
0.0,2.5486983e-05,0
0.0,2.3855957e-09,0
0.0,1.8397713e-09,0
0.0,1.0856339e-09,0
0.0,1.3812537e-09,0
0.0,1.921298e-09,0
0.0,3.913166e-09,0
0.0,1.0591914e-09,0
0.0,3.7664143e-09,0
0.0,1.0430069e-09,0
0.0,4.8663087e-09,0
0.0,7.710758e-10,0
0.0,4.529915e-09,0
0.0,3.9407664e-09,0
0.0,1.2833854e-09,0
0.0,1.7982297e-09,0
0.0,9.522824e-10,0
0.0,1.320767e-09,0
0.0,7.1732926e-09,0
0.0,1.423532e-09,0
0.0,4.160265e-08,0
0.0,4.7188915e-09,0
0.0,4.507902e-09,0
0.0,1.420774e-08,0
0.0,1.8137996e-09,0
0.0,8.750042e-10,0
0.0,2.6747846e-09,0
0.0,7.9640605e-09,0
0.0,2.511199e-09,0
0.0,3.4612953e-07,0
0.0,3.3821685e-08,0
0.0,3.5178767e-09,0
0.0,8.239147e-10,0
0.0,1.7074971e-07,0
0.0,2.4568763e-09,0
0.0,3.1963499e-09,0
0.0,3.0801617e-09,0
0.0,1.240585e-09,0
0.0,1.4566368e-09,0
0.0,8.633647e-10,0
0.0,1.4076934e-09,0
0.0,2.4778182e-09,0
0.0,1.4325202e-09,0
0.0,1.4007164e-09,0
0.0,1.5998393e-09,0
0.0,1.4300087e-09,0
0.0,1.7843276e-09,0
0.0,1.8194821e-09,0
0.0,2.124449e-09,0
0.0,2.1500246e-09,0
0.0,1.1793303e-09,0
0.0,3.1840483e-07,0
0.0,5.9992287e-09,0
0.0,4.3953396e-08,0
0.0,6.8321646e-09,0
0.0,1.4896876e-09,0
0.0,1.5262366e-09,0
0.0,4.3440305e-09,0
0.0,2.0684434e-09,0
0.0,1.7633949e-09,0
0.0,9.887656e-10,0
0.0,9.747689e-09,0
0.0,1.3022173e-08,0
0.0,1.07939314e-07,0
0.0,2.513202e-09,0
0.0,3.6214276e-09,0
0.0,1.5960965e-09,0
0.0,2.9279705e-09,0
0.0,8.808252e-09,0
0.0,1.0295434e-05,0
0.0,1.495404e-09,0
0.0,8.4538604e-10,0
0.0,2.7755436e-09,0
0.0,1.9997057e-09,0
0.0,1.7597403e-08,0
0.0,1.6736585e-09,0
0.0,1.1037843e-09,0
0.0,1.6153035e-07,0
0.0,1.9266888e-09,0
0.0,1.6312439e-09,0
0.0,1.058103e-09,0
0.0,2.0328206e-09,0
0.0,1.3751708e-09,0
0.0,8.9193875e-10,0
0.0,5.101852e-09,0
0.0,1.773258e-08,0
0.0,1.1263126e-09,0
0.0,9.1448304e-10,0
0.0,1.7688824e-09,0
0.0,3.6501928e-09,0
0.0,1.428136e-09,0
0.0,9.596559e-10,0
0.0,1.5622039e-09,0
0.0,9.015151e-10,0
0.0,1.3922278e-09,0
0.0,3.768419e-09,0
0.0,3.4320289e-09,0
0.0,7.71841e-10,0
0.0,9.781281e-10,0
0.0,7.844654e-10,0
0.0,1.1821235e-08,0
0.0,7.1754097e-10,0
0.0,1.7824533e-09,0
0.0,7.483372e-08,0
0.0,7.109098e-09,0
0.0,1.2153839e-09,0
0.0,2.5753244e-09,0
0.0,1.8194127e-09,0
0.0,2.0546067e-09,0
0.0,1.1171342e-09,0
0.0,4.145271e-08,0
0.0,2.812533e-09,0
0.0,1.4093597e-08,0
0.0,2.7396205e-09,0
0.0,1.7531329e-09,0
0.0,6.7367956e-09,0
0.0,2.4502414e-08,0
0.0,1.5793228e-09,0
0.0,1.6932159e-09,0
0.0,9.375185e-10,0
0.0,4.7700315e-08,0
0.0,2.3460853e-09,0
0.0,2.3642919e-09,0
0.0,1.95521e-08,0
0.0,1.7985315e-09,0
0.0,1.0603274e-09,0
0.0,3.6861825e-09,0
0.0,6.7239164e-10,0
0.0,9.588327e-10,0
0.0,2.234231e-09,0
0.0,3.3547969e-09,0
0.0,9.233393e-10,0
0.0,2.7333624e-09,0
0.0,5.200545e-08,0
0.0,2.4501514e-09,0
0.0,1.5838235e-09,0
0.0,1.3268118e-09,0
0.0,2.5670803e-09,0
0.0,2.071365e-09,0
0.0,1.7668625e-09,0
0.0,1.2365524e-09,0
0.0,1.2179203e-09,0
0.0,9.107424e-10,0
0.0,1.942993e-09,0
0.0,6.9503e-09,0
0.0,1.1602805e-09,0
0.0,6.145993e-10,0
0.0,2.3761229e-09,0
0.0,1.2268663e-09,0
0.0,2.8067988e-09,0
0.0,6.196114e-09,0
0.0,1.8710047e-09,0
0.0,1.8194544e-09,0
0.0,1.0784887e-09,0
0.0,6.9534427e-09,0
0.0,5.3472355e-09,0
0.0,9.997456e-10,0
0.0,1.8449651e-09,0
0.0,7.8475865e-10,0
0.0,6.3723844e-09,0
0.0,8.5106633e-10,0
0.0,1.1529218e-08,0
0.0,3.5399672e-09,0
0.0,1.2797701e-09,0
0.0,1.4006016e-09,0
0.0,7.5325124e-10,0
0.0,1.6509291e-09,0
0.0,3.961552e-09,0
0.0,9.617669e-10,0
0.0,1.7900237e-09,0
0.0,7.456213e-09,0
0.0,7.800196e-09,0
0.0,5.464142e-09,0
0.0,1.148203e-09,0
0.0,1.1600111e-08,0
0.0,2.789427e-09,0
0.0,8.834933e-10,0
0.0,1.7641964e-08,0
0.0,2.3295131e-07,0
0.0,1.4757792e-09,0
0.0,4.3505146e-09,0
0.0,7.9358226e-10,0
0.0,3.2552232e-09,0
0.0,4.138609e-09,0
0.0,1.7325009e-08,0
0.0,1.365672e-09,0
0.0,1.4449815e-09,0
0.0,2.0899865e-08,0
0.0,1.2593765e-09,0
0.0,7.655895e-09,0
1.0,1.0,1
1.0,1.0,1
1.0,1.0,1
1.0,1.0,1
1.0,1.0,1
0.0,0.11959022,1
1.0,0.9999999,1
1.0,0.99993527,1
1.0,0.99995697,1
1.0,1.0,1
1.0,1.0,1
1.0,1.0,1
1.0,1.0,1
1.0,1.0,1
1.0,1.0,1
1.0,1.0,1
1.0,1.0,1
1.0,1.0,1
1.0,1.0,1
1.0,1.0,1
1.0,1.0,1
1.0,1.0,1
1.0,1.0,1
1.0,1.0,1
1.0,0.9945892,1
1.0,0.99999166,1
0.0,0.00082500756,1
1.0,1.0,1
1.0,1.0,1
1.0,0.9999999,1
1.0,1.0,1
1.0,1.0,1
1.0,1.0,1
1.0,1.0,1
1.0,1.0,1
1.0,1.0,1
1.0,1.0,1
1.0,1.0,1
1.0,1.0,1
1.0,0.5505331,1
1.0,1.0,1
1.0,1.0,1
1.0,1.0,1
1.0,1.0,1
1.0,1.0,1
1.0,1.0,1
1.0,1.0,1
1.0,1.0,1
1.0,0.99999964,1
0.0,0.0028431655,1
1.0,0.99889934,1
1.0,0.9411665,1
0.0,0.20715357,1
1.0,1.0,1
1.0,1.0,1
1.0,1.0,1
1.0,1.0,1
1.0,1.0,1
1.0,1.0,1
1.0,1.0,1
1.0,1.0,1
1.0,1.0,1
1.0,1.0,1
1.0,1.0,1
1.0,1.0,1
1.0,1.0,1
1.0,1.0,1
1.0,1.0,1
1.0,1.0,1
0.0,0.37930956,1
1.0,1.0,1
1.0,1.0,1
1.0,1.0,1
1.0,0.99993217,1
1.0,0.9994892,1
1.0,1.0,1
1.0,1.0,1
1.0,1.0,1
1.0,0.99999845,1
1.0,1.0,1
1.0,0.9994469,1
1.0,0.99997616,1
1.0,1.0,1
1.0,1.0,1
1.0,1.0,1
1.0,1.0,1
1.0,1.0,1
1.0,1.0,1
1.0,1.0,1
1.0,1.0,1
0.0,6.4338917e-07,1
1.0,1.0,1
1.0,1.0,1
1.0,0.9999902,1
1.0,1.0,1
1.0,1.0,1
1.0,1.0,1
1.0,1.0,1
1.0,1.0,1
1.0,1.0,1
1.0,1.0,1
1.0,1.0,1
1.0,1.0,1
1.0,1.0,1
1.0,1.0,1
1.0,1.0,1
1.0,1.0,1
1.0,1.0,1
1.0,1.0,1
1.0,1.0,1
1.0,1.0,1
1.0,1.0,1
1.0,1.0,1
1.0,1.0,1
1.0,0.9999999,1
1.0,0.99999964,1
1.0,1.0,1
1.0,0.9999999,1
1.0,1.0,1
1.0,0.9578943,1
1.0,1.0,1
1.0,1.0,1
1.0,0.9999999,1
1.0,1.0,1
1.0,1.0,1
1.0,1.0,1
1.0,0.9999751,1
1.0,0.99998844,1
1.0,0.9999677,1
1.0,0.99977094,1
1.0,0.9999999,1
1.0,0.7761613,1
0.0,0.4629043,1
1.0,0.99943,1
1.0,1.0,1
1.0,0.99999714,1
1.0,0.99993193,1
1.0,0.9999994,1
1.0,1.0,1
1.0,1.0,1
1.0,1.0,1
1.0,1.0,1
1.0,1.0,1
1.0,1.0,1
1.0,1.0,1
1.0,1.0,1
1.0,1.0,1
1.0,1.0,1
1.0,1.0,1
1.0,1.0,1
1.0,1.0,1
1.0,1.0,1
1.0,1.0,1
1.0,1.0,1
1.0,0.99999917,1
1.0,1.0,1
1.0,0.99999964,1
1.0,1.0,1
1.0,1.0,1
1.0,1.0,1
1.0,1.0,1
1.0,1.0,1
1.0,1.0,1
1.0,0.99999917,1
1.0,1.0,1
1.0,1.0,1
1.0,0.9999999,1
1.0,0.99999976,1
1.0,0.9999994,1
1.0,1.0,1
1.0,1.0,1
1.0,0.9999999,1
1.0,1.0,1
1.0,0.9999988,1
1.0,0.9999993,1
1.0,1.0,1
1.0,1.0,1
1.0,1.0,1
1.0,1.0,1
1.0,1.0,1
1.0,1.0,1
1.0,0.99999976,1
1.0,1.0,1
1.0,1.0,1
1.0,1.0,1
1.0,1.0,1
1.0,1.0,1
1.0,1.0,1
1.0,1.0,1
1.0,0.9999937,1
1.0,1.0,1
1.0,1.0,1
1.0,1.0,1
1.0,1.0,1
1.0,1.0,1
1.0,1.0,1
1.0,1.0,1
1.0,1.0,1
1.0,1.0,1
1.0,0.9999999,1
1.0,0.9999999,1
1.0,1.0,1
1.0,1.0,1
1.0,0.92564565,1
1.0,0.9999999,1
1.0,1.0,1
1.0,1.0,1
1.0,1.0,1
1.0,1.0,1
1.0,0.9999999,1
1.0,1.0,1
1.0,0.99999976,1
1.0,0.99999976,1
1.0,1.0,1
1.0,0.9999994,1
1.0,1.0,1
1.0,1.0,1
1.0,1.0,1
1.0,0.99999964,1
1.0,1.0,1
1.0,1.0,1
1.0,1.0,1
0.0,0.20280184,1
1.0,0.9999931,1
1.0,1.0,1
1.0,0.9999999,1
1.0,1.0,1
1.0,0.9999999,1
1.0,1.0,1
1.0,1.0,1
1.0,1.0,1
1.0,1.0,1
1.0,1.0,1
1.0,1.0,1
1.0,1.0,1
1.0,0.9999999,1
1.0,1.0,1
1.0,1.0,1
1.0,1.0,1
1.0,1.0,1
1.0,1.0,1
1.0,1.0,1
1.0,1.0,1
1.0,1.0,1
1.0,1.0,1
1.0,1.0,1
1.0,0.99999976,1
1.0,1.0,1
1.0,0.99999964,1
1.0,0.99999976,1
1.0,0.9999993,1
1.0,1.0,1
1.0,1.0,1
1.0,1.0,1
1.0,0.9990062,1
1.0,1.0,1
1.0,1.0,1
1.0,1.0,1
1.0,1.0,1
1.0,1.0,1
1.0,1.0,1
1.0,1.0,1
1.0,1.0,1
1.0,1.0,1
1.0,1.0,1
1.0,1.0,1
1.0,1.0,1
1.0,1.0,1
1.0,1.0,1
1.0,1.0,1
1.0,1.0,1
1.0,1.0,1
1.0,1.0,1
1.0,1.0,1
1.0,0.999998,1
1.0,0.9999999,1
1.0,0.9999999,1
1.0,1.0,1
1.0,0.99999094,1
1.0,1.0,1
1.0,1.0,1
1.0,1.0,1
0.0,8.233374e-08,1
1.0,1.0,1
1.0,1.0,1
1.0,0.9999999,1
1.0,1.0,1
1.0,0.9999999,1
1.0,1.0,1
1.0,0.9999999,1
0.0,2.636497e-09,0
0.0,1.2678143e-09,0
0.0,5.361973e-09,0
0.0,1.7362415e-09,0
0.0,5.0619416e-05,0
0.0,1.5936293e-09,0
0.0,9.094899e-08,0
0.0,1.9169129e-09,0
0.0,6.3625225e-09,0
0.0,2.8766611e-09,0
0.0,9.344844e-08,0
0.0,1.598296e-09,0
0.0,1.0711129e-09,0
0.0,1.6060795e-09,0
0.0,1.7881332e-09,0
0.0,2.8800924e-09,0
0.0,9.46324e-09,0
0.0,7.185548e-09,0
0.0,2.3204514e-09,0
0.0,2.7376772e-09,0
0.0,2.8461258e-09,0
0.0,2.2829448e-07,0
0.0,3.431178e-09,0
0.0,6.005099e-10,0
0.0,8.589255e-09,0
0.0,1.1369975e-08,0
0.0,1.593669e-09,0
0.0,1.6792328e-08,0
0.0,7.655953e-09,0
0.0,1.3334741e-09,0
0.0,3.1343177e-09,0
0.0,3.1959841e-09,0
0.0,5.4835743e-07,0
0.0,1.8135851e-09,0
0.0,1.3125182e-08,0
0.0,5.9615526e-09,0
0.0,3.4225829e-09,0
0.0,1.7173037e-09,0
0.0,2.2127898e-08,0
0.0,1.0821009e-09,0
0.0,8.862029e-08,0
0.0,1.263894e-08,0
0.0,6.18942e-08,0
0.0,1.7020686e-09,0
0.0,1.2942723e-05,0
0.0,8.338069e-09,0
0.0,9.812974e-10,0
0.0,3.9345327e-09,0
0.0,1.6167075e-09,0
0.0,2.1534156e-08,0
0.0,3.698394e-09,0
0.0,1.200434e-09,0
0.0,1.5644939e-09,0
0.0,5.897807e-10,0
0.0,9.309157e-08,0
0.0,1.0391407e-09,0
0.0,2.4653726e-09,0
0.0,1.6854312e-09,0
0.0,2.232476e-09,0
0.0,1.6977086e-08,0
0.0,3.6995653e-09,0
0.0,9.078708e-09,0
0.0,4.204296e-09,0
0.0,2.1815802e-09,0
0.0,1.2074251e-07,0
0.0,1.0938731e-09,0
0.0,2.6839477e-09,0
0.0,6.666112e-09,0
0.0,1.9768571e-09,0
0.0,1.593995e-08,0
0.0,1.6360455e-09,0
0.0,8.4251434e-10,0
0.0,2.7487803e-09,0
0.0,2.3738398e-09,0
0.0,4.0961394e-09,0
0.0,3.5677314e-09,0
0.0,6.583216e-06,0
0.0,1.2822868e-09,0
0.0,2.2995759e-09,0
0.0,9.2756514e-10,0
0.0,3.6603947e-08,0
0.0,1.0091715e-09,0
0.0,3.562373e-09,0
0.0,6.049744e-08,0
0.0,2.9658386e-08,0
0.0,2.6849154e-09,0
0.0,1.8476204e-09,0
0.0,1.0066493e-09,0
0.0,5.7929e-09,0
0.0,1.9097675e-09,0
0.0,8.249321e-10,0
0.0,9.874058e-08,0
0.0,1.759189e-09,0
0.0,2.7105242e-09,0
0.0,2.0499094e-09,0
0.0,0.017922891,0
0.0,4.5814947e-09,0
0.0,3.1308938e-09,0
0.0,2.3676088e-09,0
0.0,1.3426088e-08,0
0.0,9.581421e-09,0
0.0,1.5718767e-08,0
0.0,2.1517437e-09,0
0.0,1.9015638e-09,0
0.0,1.649519e-07,0
0.0,1.89522e-09,0
0.0,2.829768e-09,0
0.0,2.0846147e-09,0
0.0,1.2643296e-09,0
0.0,2.9142422e-09,0
0.0,2.3308402e-09,0
0.0,1.9749766e-09,0
0.0,4.748488e-09,0
0.0,4.627479e-09,0
0.0,2.5410134e-09,0
0.0,2.019692e-09,0
0.0,1.4145191e-09,0
0.0,2.6101383e-09,0
0.0,2.7404254e-09,0
0.0,7.138934e-10,0
0.0,1.14930785e-08,0
0.0,1.2229272e-09,0
0.0,1.5849416e-09,0
0.0,6.0596856e-09,0
0.0,6.184862e-09,0
0.0,4.494406e-09,0
0.0,1.3296373e-08,0
0.0,1.0368663e-08,0
0.0,1.6000499e-09,0
0.0,1.6447414e-08,0
0.0,9.581896e-09,0
0.0,2.7591702e-09,0
0.0,1.6942917e-09,0
0.0,3.798664e-05,0
0.0,3.467514e-09,0
0.0,4.3107162e-10,0
0.0,1.5778173e-09,0
0.0,1.7861663e-09,0
0.0,2.0722462e-09,0
0.0,1.1510404e-09,0
0.0,1.3622692e-09,0
0.0,3.927148e-09,0
0.0,4.40936e-09,0
0.0,4.194356e-09,0
0.0,4.0361128e-09,0
0.0,4.9348876e-09,0
0.0,1.00606e-09,0
0.0,2.679791e-07,0
0.0,7.650607e-10,0
0.0,1.8011757e-08,0
0.0,9.648463e-10,0
0.0,3.3793681e-09,0
0.0,3.1332894e-09,0
0.0,3.6083136e-09,0
0.0,3.168392e-09,0
0.0,0.28902748,0
0.0,4.1890618e-07,0
0.0,2.711155e-09,0
0.0,1.6944437e-09,0
0.0,9.822431e-10,0
0.0,1.6195232e-08,0
0.0,4.488204e-09,0
0.0,5.869262e-09,0
0.0,7.008554e-09,0
0.0,2.538882e-09,0
0.0,2.5236737e-09,0
0.0,8.12727e-10,0
0.0,1.013767e-09,0
0.0,1.6890235e-08,0
0.0,2.8032516e-09,0
0.0,4.8955875e-09,0
0.0,2.798657e-09,0
0.0,3.8574535e-09,0
0.0,8.9255314e-10,0
0.0,3.7193495e-08,0
0.0,2.5098583e-09,0
0.0,1.6915567e-09,0
0.0,1.0740465e-09,0
0.0,4.0227475e-09,0
0.0,1.3969464e-09,0
0.0,9.504242e-10,0
0.0,7.2685578e-09,0
0.0,1.1120787e-09,0
0.0,2.7844729e-09,0
0.0,2.4460365e-05,0
0.0,1.7603378e-08,0
0.0,2.4687465e-09,0
0.0,3.552521e-09,0
0.0,6.2624954e-09,0
0.0,1.9347832e-09,0
0.0,3.6306607e-09,0
0.0,1.9428152e-09,0
0.0,3.6768435e-09,0
0.0,1.4533982e-09,0
0.0,3.8064186e-08,0
0.0,2.4205904e-09,0
0.0,2.308202e-09,0
0.0,9.445617e-10,0
0.0,3.0981029e-09,0
0.0,1.1688639e-08,0
0.0,3.3867629e-09,0
0.0,3.316231e-09,0
0.0,4.3045154e-09,0
0.0,3.306189e-09,0
0.0,6.762959e-06,0
0.0,2.2620295e-09,0
0.0,1.375441e-09,0
0.0,5.9501957e-08,0
0.0,4.73255e-06,0
0.0,3.017373e-09,0
0.0,8.4732e-10,0
0.0,8.205711e-10,0
0.0,1.9025484e-07,0
0.0,1.50565e-09,0
0.0,3.0282756e-09,0
0.0,1.2662266e-09,0
0.0,2.1823752e-09,0
0.0,8.7262414e-10,0
0.0,1.6012099e-09,0
0.0,9.175113e-09,0
0.0,3.7203551e-09,0
0.0,1.8524193e-09,0
0.0,3.8416235e-09,0
0.0,4.666424e-09,0
0.0,7.4997875e-09,0
0.0,1.0000507e-09,0
0.0,3.0994092e-09,0
0.0,2.408198e-09,0
0.0,1.270024e-09,0
0.0,1.1817014e-09,0
0.0,2.0702225e-06,0
0.0,1.0412359e-09,0
0.0,1.6787642e-09,0
0.0,1.6937521e-09,0
0.0,2.3284408e-09,0
0.0,2.9128473e-09,0
0.0,3.074005e-09,0
0.0,1.4988963e-09,0
0.0,2.2697279e-08,0
0.0,1.2245145e-09,0
0.0,2.4280165e-09,0
0.0,1.9760693e-09,0
0.0,1.5882039e-09,0
0.0,2.2179108e-08,0
0.0,7.554123e-10,0
0.0,7.656052e-10,0
0.0,2.3231541e-08,0
0.0,2.1416426e-09,0
0.0,3.141262e-07,0
0.0,1.6522647e-09,0
0.0,3.5974972e-09,0
0.0,3.8893384e-07,0
0.0,1.3189847e-09,0
0.0,2.3141973e-09,0
0.0,2.782933e-09,0
0.0,1.0630754e-09,0
0.0,9.970933e-09,0
0.0,3.160835e-09,0
0.0,4.550578e-09,0
0.0,1.1273872e-09,0
0.0,2.2683343e-08,0
0.0,2.0269084e-09,0
0.0,1.4838459e-09,0
0.0,2.1893388e-08,0
0.0,2.1377287e-09,0
0.0,7.1950117e-09,0
0.0,5.713531e-09,0
0.0,1.1289285e-08,0
0.0,4.2464454e-09,0
0.0,9.3116e-10,0
0.0,3.3607401e-09,0
0.0,2.3969022e-09,0
0.0,3.780499e-09,0
0.0,0.00075452286,0
0.0,1.0495625e-09,0
0.0,1.0759868e-08,0
0.0,1.821914e-08,0
0.0,7.895184e-09,0
0.0,1.5488476e-08,0
0.0,5.610988e-09,0
0.0,7.6597795e-09,0
0.0,1.755107e-09,0
0.0,2.3336337e-09,0
0.0,6.895502e-09,0
0.0,1.4737855e-08,0
0.0,1.5967998e-09,0
0.0,9.1799275e-06,0
0.0,1.070739e-09,0
0.0,1.7716647e-09,0
0.0,8.69458e-09,0
0.0,8.380816e-09,0
0.0,9.881198e-08,0
0.0,1.5369059e-08,0
0.0,1.5162901e-09,0
0.0,1.9311527e-08,0
0.0,1.5932283e-09,0
0.0,2.9776157e-09,0
0.0,2.0588709e-09,0
0.0,1.2722206e-09,0
0.0,2.797303e-08,0
0.0,1.2696413e-09,0
1.0,0.8310745,0
0.0,3.1000535e-09,0
0.0,1.7286085e-09,0
0.0,2.185391e-09,0
0.0,5.319454e-09,0
0.0,1.8790227e-09,0
0.0,8.851062e-09,0
0.0,0.00014234144,0
0.0,1.5173721e-09,0
0.0,2.6231943e-09,0
1.0,0.96842265,1
1.0,1.0,1
1.0,1.0,1
1.0,1.0,1
1.0,0.9998498,1
1.0,1.0,1
1.0,1.0,1
1.0,0.9999974,1
1.0,1.0,1
1.0,1.0,1
1.0,1.0,1
1.0,0.9999994,1
1.0,0.9929476,1
1.0,0.9999999,1
1.0,1.0,1
1.0,1.0,1
1.0,1.0,1
1.0,1.0,1
1.0,1.0,1
1.0,0.9999999,1
1.0,1.0,1
1.0,1.0,1
1.0,1.0,1
1.0,0.9999988,1
1.0,1.0,1
1.0,0.99999905,1
1.0,0.99999964,1
1.0,1.0,1
1.0,1.0,1
1.0,1.0,1
1.0,1.0,1
1.0,1.0,1
1.0,1.0,1
1.0,0.9864066,1
1.0,1.0,1
1.0,1.0,1
1.0,1.0,1
1.0,1.0,1
1.0,0.99999726,1
1.0,1.0,1
1.0,1.0,1
1.0,1.0,1
1.0,0.9999999,1
1.0,1.0,1
1.0,1.0,1
1.0,1.0,1
1.0,1.0,1
1.0,1.0,1
1.0,1.0,1
0.0,6.703086e-05,1
1.0,1.0,1
1.0,1.0,1
1.0,1.0,1
1.0,1.0,1
1.0,1.0,1
1.0,1.0,1
1.0,1.0,1
1.0,1.0,1
1.0,1.0,1
1.0,1.0,1
1.0,1.0,1
1.0,1.0,1
1.0,0.9999999,1
1.0,1.0,1
1.0,0.99999976,1
1.0,1.0,1
1.0,0.9999999,1
1.0,1.0,1
1.0,1.0,1
1.0,0.9999963,1
1.0,1.0,1
1.0,1.0,1
1.0,1.0,1
1.0,1.0,1
1.0,1.0,1
1.0,0.9999993,1
1.0,0.9999999,1
1.0,1.0,1
1.0,1.0,1
1.0,0.99999905,1
1.0,1.0,1
1.0,1.0,1
1.0,1.0,1
1.0,1.0,1
1.0,1.0,1
1.0,1.0,1
1.0,1.0,1
1.0,1.0,1
1.0,1.0,1
1.0,0.9999045,1
0.0,0.004575558,1
1.0,0.99999523,1
1.0,1.0,1
1.0,1.0,1
1.0,1.0,1
1.0,0.99999905,1
1.0,1.0,1
1.0,1.0,1
1.0,1.0,1
1.0,1.0,1
1.0,1.0,1
1.0,1.0,1
1.0,1.0,1
1.0,1.0,1
1.0,1.0,1
1.0,1.0,1
1.0,1.0,1
1.0,1.0,1
1.0,1.0,1
1.0,0.99999905,1
1.0,1.0,1
1.0,0.9999995,1
1.0,0.9386419,1
1.0,0.9999995,1
1.0,0.99999964,1
1.0,1.0,1
1.0,1.0,1
1.0,1.0,1
1.0,1.0,1
1.0,1.0,1
1.0,1.0,1
1.0,1.0,1
1.0,1.0,1
1.0,1.0,1
1.0,0.9999999,1
1.0,1.0,1
1.0,0.9999988,1
1.0,1.0,1
1.0,0.9999999,1
1.0,0.99999547,1
1.0,1.0,1
1.0,1.0,1
1.0,1.0,1
1.0,1.0,1
1.0,1.0,1
1.0,1.0,1
1.0,0.9999999,1
1.0,1.0,1
1.0,1.0,1
1.0,1.0,1
1.0,0.99999976,1
1.0,1.0,1
1.0,1.0,1
1.0,1.0,1
1.0,1.0,1
1.0,1.0,1
1.0,1.0,1
1.0,1.0,1
1.0,1.0,1
1.0,1.0,1
1.0,0.9999882,1
0.0,0.000109579196,1
1.0,1.0,1
1.0,0.99999964,1
1.0,1.0,1
1.0,1.0,1
1.0,1.0,1
1.0,0.99660975,1
1.0,1.0,1
1.0,1.0,1
1.0,1.0,1
1.0,1.0,1
1.0,1.0,1
0.0,0.00026100338,1
1.0,0.9999995,1
1.0,0.99999976,1
1.0,1.0,1
0.0,9.950128e-05,1
1.0,0.8586824,1
1.0,0.99998474,1
1.0,1.0,1
1.0,0.9999999,1
1.0,1.0,1
1.0,1.0,1
1.0,0.99999964,1
1.0,1.0,1
1.0,1.0,1
1.0,0.9999999,1
1.0,1.0,1
1.0,1.0,1
1.0,1.0,1
1.0,0.9999999,1
1.0,1.0,1
1.0,1.0,1
1.0,0.99999964,1
1.0,1.0,1
1.0,1.0,1
1.0,1.0,1
1.0,1.0,1
1.0,1.0,1
1.0,0.99999976,1
1.0,1.0,1
1.0,1.0,1
1.0,1.0,1
1.0,1.0,1
1.0,1.0,1
1.0,1.0,1
1.0,1.0,1
1.0,1.0,1
1.0,1.0,1
1.0,1.0,1
1.0,1.0,1
1.0,1.0,1
1.0,1.0,1
1.0,1.0,1
1.0,1.0,1
1.0,0.9999999,1
1.0,1.0,1
1.0,1.0,1
1.0,1.0,1
1.0,1.0,1
0.0,0.45764163,1
0.0,2.4747906e-09,0
0.0,1.202375e-09,0
0.0,1.2497285e-09,0
0.0,8.2797286e-10,0
0.0,6.0305455e-10,0
0.0,7.742502e-10,0
0.0,4.3203574e-09,0
0.0,9.648573e-10,0
0.0,8.844509e-10,0
0.0,1.4259259e-09,0
0.0,9.872938e-10,0
0.0,1.2302501e-09,0
0.0,3.91959e-09,0
0.0,1.4361643e-09,0
0.0,2.0273414e-09,0
0.0,4.828586e-09,0
0.0,4.2391464e-09,0
0.0,5.5583045e-09,0
0.0,1.5870714e-09,0
0.0,1.4805297e-09,0
0.0,1.2912129e-09,0
0.0,6.204144e-09,0
0.0,1.7083817e-09,0
0.0,7.766111e-09,0
0.0,2.1557407e-09,0
0.0,4.2996575e-09,0
0.0,2.4519373e-09,0
0.0,3.943353e-09,0
0.0,1.5643328e-09,0
0.0,2.0204547e-09,0
0.0,1.1275141e-09,0
0.0,1.062899e-09,0
0.0,2.0429731e-09,0
0.0,2.3958235e-09,0
0.0,1.0377978e-09,0
0.0,2.735193e-09,0
0.0,2.4655045e-09,0
0.0,2.9130777e-07,0
0.0,3.2565959e-09,0
0.0,4.7492513e-08,0
0.0,7.2578628e-09,0
0.0,1.8522743e-09,0
0.0,1.1025093e-09,0
0.0,9.190031e-10,0
0.0,2.7599703e-09,0
0.0,1.055066e-09,0
0.0,1.4377868e-09,0
0.0,2.1405644e-09,0
0.0,1.7005831e-08,0
0.0,1.2905162e-09,0
0.0,3.950535e-09,0
0.0,5.78321e-08,0
0.0,5.787745e-08,0
0.0,4.840906e-09,0
0.0,7.8419234e-08,0
0.0,6.6866397e-09,0
0.0,1.0439044e-09,0
1.0,0.99998367,0
0.0,1.3618509e-09,0
0.0,9.958371e-09,0
0.0,3.7152639e-09,0
0.0,8.948424e-10,0
0.0,1.4869822e-09,0
0.0,2.4261555e-09,0
0.0,1.2093376e-08,0
0.0,1.3407452e-09,0
0.0,2.7693987e-09,0
0.0,1.717333e-09,0
0.0,2.5808527e-08,0
0.0,2.298586e-08,0
0.0,3.2702023e-09,0
0.0,6.517258e-09,0
0.0,2.2797938e-08,0
0.0,2.1961548e-09,0
0.0,1.5133979e-09,0
0.0,4.2948423e-06,0
0.0,1.1488234e-08,0
0.0,2.0362976e-09,0
0.0,1.4622794e-09,0
0.0,5.321768e-09,0
0.0,1.0007778e-09,0
0.0,3.007083e-09,0
0.0,1.6888198e-09,0
0.0,2.1058673e-09,0
0.0,1.6800905e-09,0
0.0,3.1280825e-09,0
0.0,4.108761e-09,0
0.0,2.195284e-09,0
0.0,4.2618136e-09,0
0.0,3.486049e-09,0
0.0,1.8523132e-09,0
0.0,1.4386784e-09,0
0.0,6.277061e-09,0
0.0,2.395403e-07,0
0.0,3.852314e-09,0
0.0,1.1476775e-09,0
0.0,6.000239e-07,0
0.0,1.2180805e-09,0
0.0,8.649194e-09,0
0.0,2.3003217e-09,0
0.0,2.3785263e-09,0
0.0,9.2854224e-10,0
0.0,2.3509321e-09,0
0.0,4.4237143e-09,0
0.0,9.425838e-10,0
0.0,5.021991e-08,0
0.0,1.981353e-09,0
0.0,1.4520516e-09,0
0.0,1.4803914e-09,0
0.0,3.1334448e-09,0
0.0,2.0255984e-09,0
0.0,2.086508e-09,0
0.0,4.221814e-09,0
0.0,2.5143672e-09,0
0.0,8.534938e-09,0
0.0,2.1759037e-09,0
0.0,7.1589784e-10,0
0.0,6.506701e-09,0
0.0,1.0165416e-09,0
0.0,9.448031e-10,0
0.0,1.0127871e-09,0
0.0,8.27575e-10,0
0.0,2.7666534e-09,0
0.0,1.1725164e-09,0
0.0,4.3010275e-09,0
0.0,2.502535e-09,0
0.0,2.0705353e-09,0
0.0,5.048919e-09,0
0.0,1.0031743e-09,0
0.0,4.7582978e-09,0
0.0,1.4113397e-08,0
0.0,4.264204e-09,0
0.0,9.0137064e-10,0
0.0,7.6963e-10,0
0.0,1.2896895e-09,0
0.0,1.592654e-09,0
0.0,4.4821133e-09,0
0.0,2.1320767e-09,0
0.0,2.036664e-05,0
0.0,1.4751628e-09,0
0.0,1.7454855e-09,0
0.0,1.7855157e-09,0
0.0,2.0197344e-09,0
0.0,2.891745e-07,0
0.0,1.2511954e-09,0
0.0,7.655716e-10,0
0.0,1.6922377e-09,0
0.0,2.7499338e-09,0
0.0,2.6352802e-09,0
0.0,8.775504e-06,0
0.0,1.161618e-09,0
0.0,7.557214e-08,0
0.0,1.4954611e-09,0
0.0,1.0025359e-08,0
0.0,1.8624675e-08,0
0.0,1.298947e-09,0
0.0,6.93311e-10,0
0.0,1.1070132e-07,0
0.0,1.0168616e-09,0
0.0,2.4730022e-09,0
0.0,1.9745245e-09,0
0.0,2.1653257e-09,0
0.0,3.7563845e-09,0
0.0,1.3354468e-09,0
0.0,1.914045e-09,0
0.0,8.478826e-10,0
0.0,2.1603836e-09,0
0.0,1.6768313e-09,0
0.0,3.1575267e-09,0
0.0,8.9194945e-09,0
0.0,3.6121837e-09,0
0.0,1.2217429e-09,0
0.0,2.0624238e-09,0
0.0,1.4094693e-09,0
0.0,5.5822293e-06,0
0.0,2.9630455e-08,0
0.0,2.1260394e-08,0
0.0,2.5057352e-09,0
0.0,1.9745562e-07,0
0.0,6.625486e-09,0
0.0,1.134006e-09,0
0.0,1.7878535e-09,0
0.0,1.5570872e-09,0
0.0,6.9793926e-09,0
0.0,6.5845547e-09,0
0.0,2.9489375e-09,0
0.0,5.0157474e-09,0
0.0,1.2688472e-09,0
0.0,1.8358882e-08,0
0.0,1.3329426e-09,0
0.0,6.3199457e-10,0
0.0,5.539698e-09,0
0.0,7.75328e-09,0
0.0,9.275904e-09,0
0.0,1.071121e-09,0
0.0,1.3918068e-07,0
0.0,3.4831777e-09,0
0.0,1.7509407e-09,0
0.0,1.0269463e-09,0
0.0,1.104257e-07,0
0.0,1.0365278e-09,0
0.0,9.2259725e-08,0
0.0,2.078231e-09,0
0.0,2.7485862e-09,0
0.0,1.0145038e-09,0
0.0,1.5296354e-08,0
0.0,1.6353561e-09,0
0.0,1.627912e-09,0
0.0,1.1248705e-08,0
0.0,2.6081277e-09,0
0.0,1.5759496e-09,0
0.0,3.1527545e-09,0
0.0,4.511076e-09,0
0.0,1.0153348e-08,0
0.0,8.600742e-10,0
0.0,3.7627736e-09,0
0.0,6.5437605e-10,0
0.0,2.6903901e-09,0
0.0,3.4320684e-09,0
0.0,3.3962333e-09,0
0.0,2.1351532e-09,0
0.0,1.2811768e-09,0
0.0,1.7038486e-09,0
0.0,1.1858173e-09,0
0.0,3.0505136e-09,0
0.0,1.2605985e-07,0
0.0,1.0282301e-09,0
0.0,1.0585376e-08,0
0.0,4.4620423e-09,0
0.0,6.752722e-09,0
0.0,7.045273e-10,0
0.0,1.1894735e-09,0
0.0,9.2596536e-10,0
0.0,1.3029718e-09,0
0.0,3.4112364e-09,0
0.0,1.1966917e-09,0
0.0,8.543e-09,0
0.0,2.1709252e-09,0
0.0,2.195912e-09,0
0.0,9.259076e-09,0
0.0,5.208672e-09,0
0.0,1.8041663e-09,0
0.0,3.5643715e-09,0
1.0,0.8068118,0
0.0,2.0889213e-09,0
0.0,3.11864e-09,0
0.0,6.061277e-10,0
0.0,1.1672193e-09,0
0.0,2.8207472e-09,0
0.0,2.1042852e-09,0
0.0,1.247854e-09,0
0.0,4.327103e-09,0
0.0,7.2548346e-08,0
0.0,1.0370933e-09,0
0.0,1.3792029e-09,0
0.0,3.8104555e-09,0
0.0,1.47601e-09,0
0.0,1.4600665e-09,0
0.0,3.9386925e-09,0
0.0,3.01129e-09,0
0.0,2.012497e-09,0
0.0,3.2256862e-09,0
0.0,2.4996455e-08,0
0.0,3.4451264e-09,0
1.0,1.0,1
1.0,1.0,1
1.0,1.0,1
1.0,1.0,1
1.0,1.0,1
1.0,0.99999666,1
1.0,1.0,1
1.0,1.0,1
1.0,1.0,1
1.0,1.0,1
1.0,1.0,1
1.0,1.0,1
1.0,1.0,1
1.0,1.0,1
1.0,1.0,1
1.0,1.0,1
1.0,1.0,1
1.0,1.0,1
1.0,0.9999999,1
1.0,1.0,1
1.0,1.0,1
1.0,1.0,1
1.0,1.0,1
1.0,1.0,1
1.0,0.9999951,1
1.0,1.0,1
1.0,0.9999999,1
1.0,1.0,1
1.0,1.0,1
1.0,1.0,1
1.0,1.0,1
1.0,1.0,1
1.0,0.99967396,1
1.0,1.0,1
1.0,1.0,1
1.0,1.0,1
1.0,1.0,1
1.0,1.0,1
1.0,1.0,1
1.0,1.0,1
0.0,1.8706756e-06,1
1.0,1.0,1
1.0,0.99981433,1
1.0,1.0,1
1.0,1.0,1
1.0,1.0,1
1.0,0.9999999,1
1.0,1.0,1
1.0,1.0,1
1.0,1.0,1
1.0,1.0,1
1.0,0.9915632,1
1.0,1.0,1
1.0,1.0,1
1.0,1.0,1
1.0,0.9999665,1
1.0,1.0,1
1.0,1.0,1
1.0,1.0,1
1.0,1.0,1
1.0,0.99999547,1
1.0,0.99999976,1
1.0,0.9999999,1
1.0,0.9999999,1
1.0,0.9999995,1
1.0,1.0,1
1.0,1.0,1
1.0,1.0,1
1.0,1.0,1
1.0,0.99982053,1
1.0,0.984686,1
1.0,0.99999416,1
1.0,0.9999995,1
1.0,1.0,1
1.0,1.0,1
1.0,1.0,1
1.0,1.0,1
1.0,1.0,1
1.0,1.0,1
1.0,0.99999964,1
1.0,0.9999999,1
1.0,0.9999999,1
1.0,1.0,1
1.0,1.0,1
1.0,1.0,1
1.0,1.0,1
1.0,1.0,1
1.0,1.0,1
1.0,1.0,1
0.0,3.4654934e-07,1
1.0,1.0,1
1.0,1.0,1
1.0,1.0,1
1.0,1.0,1
1.0,1.0,1
1.0,1.0,1
1.0,1.0,1
1.0,0.99999714,1
1.0,0.99960774,1
1.0,0.99823195,1
1.0,1.0,1
1.0,1.0,1
1.0,1.0,1
1.0,1.0,1
1.0,1.0,1
1.0,1.0,1
1.0,1.0,1
1.0,1.0,1
1.0,1.0,1
1.0,1.0,1
1.0,1.0,1
1.0,1.0,1
1.0,1.0,1
1.0,1.0,1
1.0,1.0,1
1.0,1.0,1
0.0,0.003429467,1
1.0,0.9999999,1
1.0,0.9999999,1
1.0,1.0,1
1.0,1.0,1
1.0,1.0,1
1.0,1.0,1
1.0,1.0,1
1.0,1.0,1
1.0,0.99999905,1
1.0,0.9999993,1
1.0,0.965005,1
1.0,0.99999976,1
1.0,0.6735292,1
1.0,0.99999976,1
1.0,1.0,1
1.0,0.9999999,1
1.0,1.0,1
1.0,1.0,1
1.0,1.0,1
1.0,1.0,1
1.0,1.0,1
1.0,0.9999999,1
1.0,1.0,1
1.0,1.0,1
1.0,1.0,1
1.0,1.0,1
0.0,0.013166522,1
1.0,1.0,1
1.0,1.0,1
1.0,1.0,1
1.0,1.0,1
1.0,1.0,1
1.0,1.0,1
1.0,1.0,1
1.0,1.0,1
1.0,1.0,1
1.0,1.0,1
1.0,1.0,1
1.0,1.0,1
1.0,1.0,1
1.0,1.0,1
1.0,1.0,1
1.0,1.0,1
1.0,1.0,1
0.0,1.9608644e-06,1
0.0,1.0024844e-06,1
1.0,1.0,1
1.0,0.93319774,1
1.0,0.99999976,1
1.0,1.0,1
1.0,1.0,1
1.0,1.0,1
1.0,1.0,1
1.0,1.0,1
1.0,1.0,1
1.0,0.9999993,1
1.0,1.0,1
1.0,1.0,1
1.0,1.0,1
1.0,1.0,1
1.0,1.0,1
1.0,1.0,1
1.0,1.0,1
1.0,1.0,1
1.0,1.0,1
1.0,1.0,1
1.0,1.0,1
1.0,1.0,1
1.0,0.99999964,1
1.0,1.0,1
1.0,1.0,1
1.0,0.99999976,1
1.0,1.0,1
1.0,0.9999999,1
1.0,1.0,1
1.0,1.0,1
1.0,1.0,1
1.0,1.0,1
1.0,1.0,1
1.0,1.0,1
1.0,1.0,1
1.0,1.0,1
1.0,1.0,1
1.0,0.9999994,1
0.0,4.0427904e-06,1
1.0,1.0,1
1.0,1.0,1
1.0,1.0,1
1.0,0.9884879,1
1.0,0.9999993,1
1.0,0.9999989,1
1.0,1.0,1
1.0,1.0,1
1.0,1.0,1
1.0,1.0,1
1.0,1.0,1
1.0,1.0,1
1.0,1.0,1
1.0,0.99999976,1
1.0,1.0,1
1.0,1.0,1
1.0,1.0,1
1.0,1.0,1
1.0,0.9999987,1
1.0,1.0,1
1.0,1.0,1
1.0,1.0,1
1.0,1.0,1
0.0,4.0165655e-06,1
1.0,1.0,1
1.0,1.0,1
1.0,1.0,1
1.0,1.0,1
1.0,1.0,1
1.0,1.0,1
1.0,1.0,1
1.0,1.0,1
1.0,1.0,1
1.0,1.0,1
1.0,0.9999999,1
1.0,1.0,1
1.0,1.0,1
1.0,1.0,1
1.0,1.0,1
1.0,1.0,1
1.0,1.0,1
1.0,1.0,1
1.0,1.0,1
1.0,1.0,1
1.0,1.0,1
1.0,1.0,1
1.0,1.0,1
1.0,1.0,1
1.0,0.9999968,1
1.0,1.0,1
1.0,1.0,1
1.0,0.99999964,1
0.0,0.00017767854,1
1.0,1.0,1
1.0,1.0,1
1.0,1.0,1
1.0,1.0,1
1.0,0.9820816,1
1.0,0.99999976,1
1.0,0.9999999,1
1.0,1.0,1
1.0,1.0,1
1.0,1.0,1
1.0,1.0,1
1.0,1.0,1
1.0,1.0,1
1.0,1.0,1
1.0,1.0,1
1.0,1.0,1
1.0,1.0,1
1.0,1.0,1
1.0,1.0,1
1.0,1.0,1
1.0,1.0,1
1.0,0.9998963,1
1.0,1.0,1
1.0,1.0,1
1.0,1.0,1
1.0,1.0,1
1.0,1.0,1
1.0,1.0,1
1.0,0.9999999,1
1.0,1.0,1
1.0,1.0,1
1.0,1.0,1
1.0,1.0,1
1.0,1.0,1
1.0,1.0,1
1.0,1.0,1
1.0,1.0,1
1.0,1.0,1
1.0,1.0,1
1.0,1.0,1
1.0,1.0,1
1.0,1.0,1
1.0,1.0,1
1.0,1.0,1
1.0,1.0,1
1.0,1.0,1
1.0,1.0,1
1.0,1.0,1
1.0,1.0,1
1.0,1.0,1
1.0,0.99999976,1
1.0,1.0,1
1.0,1.0,1
1.0,1.0,1
1.0,1.0,1
1.0,1.0,1
1.0,1.0,1
1.0,1.0,1
1.0,1.0,1
1.0,1.0,1
1.0,1.0,1
1.0,1.0,1
1.0,1.0,1
1.0,1.0,1
1.0,1.0,1
1.0,1.0,1
0.0,1.4010773e-06,1
1.0,0.9999999,1
1.0,0.99997437,1
1.0,1.0,1
1.0,1.0,1
1.0,1.0,1
1.0,1.0,1
1.0,1.0,1
1.0,1.0,1
1.0,0.9988586,1
1.0,0.9995123,1
1.0,1.0,1
1.0,1.0,1
1.0,0.99971634,1
1.0,1.0,1
1.0,1.0,1
1.0,1.0,1
1.0,1.0,1
1.0,1.0,1
1.0,1.0,1
1.0,1.0,1
1.0,1.0,1
1.0,1.0,1
1.0,1.0,1
1.0,1.0,1
1.0,1.0,1
1.0,1.0,1
1.0,1.0,1
1.0,1.0,1
1.0,1.0,1
1.0,1.0,1
1.0,1.0,1
1.0,1.0,1
1.0,1.0,1
1.0,1.0,1
1.0,1.0,1
1.0,1.0,1
1.0,1.0,1
1.0,1.0,1
0.0,0.00065298355,1
1.0,1.0,1
1.0,1.0,1
1.0,1.0,1
1.0,1.0,1
1.0,1.0,1
1.0,0.99999976,1
1.0,1.0,1
1.0,0.99999917,1
1.0,1.0,1
1.0,1.0,1
1.0,1.0,1
1.0,1.0,1
1.0,1.0,1
1.0,0.9999989,1
1.0,1.0,1
1.0,0.9990866,1
1.0,1.0,1
1.0,1.0,1
1.0,1.0,1
1.0,1.0,1
1.0,1.0,1
1.0,1.0,1
1.0,1.0,1
1.0,1.0,1
1.0,1.0,1
1.0,1.0,1
1.0,1.0,1
1.0,1.0,1
1.0,1.0,1
1.0,1.0,1
0.0,4.4075605e-09,0
0.0,9.31228e-09,0
0.0,1.09769054e-07,0
0.0,2.2711255e-09,0
0.0,1.1552237e-09,0
0.0,9.054527e-10,0
0.0,2.1005238e-09,0
0.0,7.982397e-10,0
0.0,3.7859547e-09,0
0.0,1.346894e-09,0
0.0,6.9131882e-09,0
0.0,2.2552145e-09,0
0.0,7.570598e-09,0
0.0,2.0084476e-09,0
0.0,9.765237e-09,0
0.0,1.7452059e-09,0
0.0,2.7609022e-09,0
0.0,6.889415e-09,0
0.0,6.69967e-10,0
0.0,1.7981473e-09,0
0.0,4.6190842e-09,0
0.0,2.3652662e-09,0
0.0,1.1833613e-09,0
0.0,1.9794502e-08,0
0.0,4.9178426e-09,0
0.0,1.633502e-08,0
0.0,2.3913906e-09,0
0.0,9.979566e-10,0
0.0,4.163134e-06,0
0.0,2.3918467e-09,0
0.0,1.0442032e-09,0
0.0,7.7213697e-10,0
0.0,1.6599627e-09,0
0.0,2.5908799e-08,0
0.0,4.1495327e-09,0
0.0,2.0521862e-09,0
0.0,5.723252e-08,0
0.0,6.126638e-09,0
0.0,4.7054977e-10,0
0.0,1.4843723e-09,0
0.0,2.1864917e-09,0
0.0,4.5582944e-08,0
0.0,1.0207869e-09,0
0.0,1.9126143e-09,0
0.0,1.407817e-09,0
0.0,2.1108937e-09,0
0.0,1.0343164e-08,0
0.0,9.701647e-10,0
0.0,7.07131e-10,0
0.0,1.6585607e-09,0
0.0,4.4861952e-07,0
0.0,2.6366076e-09,0
0.0,9.0426877e-10,0
0.0,8.225617e-09,0
0.0,1.2632215e-08,0
0.0,1.0994454e-09,0
0.0,2.807748e-08,0
0.0,1.3851401e-06,0
0.0,8.0810214e-10,0
0.0,3.999454e-07,0
0.0,1.2511356e-09,0
0.0,2.4394868e-09,0
0.0,1.960407e-09,0
0.0,1.8442263e-09,0
0.0,3.6277046e-09,0
0.0,2.5091307e-09,0
0.0,1.3766746e-09,0
0.0,4.045772e-08,0
0.0,1.3771158e-09,0
0.0,4.4936006e-09,0
0.0,2.611991e-09,0
0.0,1.6842325e-09,0
0.0,6.2503e-09,0
0.0,2.0261044e-09,0
0.0,8.7441027e-10,0
0.0,1.8577524e-08,0
0.0,9.557725e-10,0
0.0,5.84882e-10,0
0.0,6.6551825e-10,0
0.0,1.7716589e-08,0
0.0,4.9400386e-09,0
0.0,2.120308e-09,0
0.0,1.5602215e-08,0
0.0,8.861834e-10,0
0.0,2.4853877e-08,0
0.0,1.2965096e-08,0
0.0,4.1251798e-09,0
0.0,1.5808177e-09,0
0.0,2.3364128e-09,0
0.0,1.2152355e-09,0
0.0,1.4348281e-09,0
0.0,8.079607e-09,0
0.0,2.2997777e-09,0
0.0,1.7442708e-09,0
0.0,3.2218552e-09,0
0.0,4.9577373e-09,0
0.0,1.9726123e-09,0
0.0,5.8524907e-10,0
0.0,3.2576393e-09,0
0.0,3.0030822e-09,0
0.0,3.113493e-09,0
0.0,1.0082154e-09,0
0.0,1.2550746e-09,0
0.0,4.089287e-08,0
0.0,1.3783305e-08,0
0.0,8.560551e-09,0
0.0,2.0414812e-09,0
0.0,1.38364e-09,0
0.0,1.8640232e-09,0
0.0,3.4174623e-09,0
0.0,4.7411577e-09,0
0.0,9.352289e-10,0
0.0,4.8809214e-09,0
0.0,1.7360626e-09,0
0.0,8.608029e-10,0
0.0,3.3376413e-09,0
0.0,7.3092044e-10,0
0.0,8.942742e-10,0
0.0,2.9180356e-09,0
0.0,1.6552013e-09,0
0.0,1.573937e-09,0
0.0,1.3272117e-09,0
0.0,2.1681443e-09,0
0.0,1.0276419e-09,0
0.0,1.6681577e-09,0
0.0,1.0373109e-09,0
0.0,3.5762342e-09,0
0.0,1.0922142e-08,0
0.0,1.2400693e-09,0
0.0,2.8081428e-09,0
0.0,3.6867311e-09,0
0.0,4.362599e-08,0
0.0,2.497052e-09,0
0.0,4.2323274e-09,0
0.0,4.6191366e-09,0
0.0,2.2170765e-09,0
0.0,2.7989467e-08,0
0.0,1.5719778e-09,0
0.0,3.1889954e-07,0
0.0,2.593019e-09,0
0.0,1.1638002e-09,0
0.0,2.155864e-09,0
0.0,6.329584e-10,0
0.0,2.1340352e-07,0
0.0,2.8105864e-09,0
0.0,1.2056779e-08,0
0.0,1.2317581e-08,0
0.0,9.264689e-10,0
0.0,8.041659e-10,0
0.0,1.9326292e-09,0
0.0,5.3786103e-08,0
0.0,1.6081638e-09,0
0.0,2.1124043e-09,0
0.0,3.1121987e-09,0
0.0,8.477601e-09,0
0.0,1.7954057e-09,0
0.0,7.6509865e-10,0
0.0,9.538062e-09,0
0.0,1.6495094e-09,0
0.0,2.415107e-09,0
0.0,2.5670657e-09,0
0.0,2.3010513e-08,0
0.0,1.3844558e-09,0
0.0,8.8590796e-10,0
0.0,2.3452975e-07,0
0.0,1.1509482e-09,0
0.0,7.4184228e-09,0
0.0,8.6362495e-10,0
0.0,1.0792913e-09,0
0.0,1.5243369e-09,0
0.0,7.0445744e-10,0
0.0,7.853486e-10,0
0.0,1.8756101e-07,0
0.0,5.1638135e-06,0
0.0,1.8599674e-09,0
0.0,2.5389109e-09,0
0.0,2.2166635e-08,0
0.0,6.029849e-08,0
0.0,1.3592273e-09,0
0.0,1.7047522e-09,0
0.0,7.076144e-09,0
0.0,1.5625973e-09,0
0.0,5.859315e-10,0
0.0,2.6564457e-09,0
0.0,2.062774e-09,0
0.0,1.5868876e-08,0
0.0,2.3828126e-09,0
0.0,7.780222e-10,0
0.0,8.7164437e-10,0
0.0,1.0865453e-09,0
0.0,7.386933e-10,0
0.0,3.834237e-09,0
0.0,4.0361375e-08,0
0.0,8.409153e-10,0
0.0,1.7828818e-09,0
0.0,1.5347724e-09,0
0.0,8.8504154e-10,0
0.0,7.6823525e-10,0
0.0,3.0459685e-08,0
0.0,1.1834222e-09,0
0.0,4.8844693e-09,0
0.0,1.2028016e-09,0
0.0,2.770022e-09,0
0.0,1.4891649e-09,0
0.0,2.3957714e-06,0
0.0,1.97089e-09,0
0.0,1.8954007e-09,0
0.0,6.788704e-06,0
0.0,1.0685162e-07,0
0.0,7.556169e-10,0
0.0,1.6238154e-09,0
0.0,3.344908e-08,0
0.0,2.8949794e-09,0
0.0,1.1325275e-09,0
0.0,9.2754565e-10,0
0.0,1.03565485e-08,0
0.0,2.735129e-05,0
0.0,1.1942166e-07,0
0.0,1.5228344e-09,0
0.0,1.5503343e-08,0
0.0,7.7229456e-10,0
0.0,2.6716693e-09,0
0.0,2.702899e-09,0
0.0,3.5578918e-09,0
0.0,1.1862471e-09,0
0.0,4.5482545e-07,0
0.0,2.697944e-09,0
0.0,7.309135e-10,0
0.0,7.0551975e-10,0
0.0,3.6195769e-09,0
0.0,4.14052e-09,0
0.0,2.6744937e-09,0
0.0,0.00017937842,0
0.0,2.5719569e-09,0
0.0,2.1966031e-09,0
0.0,5.6784852e-08,0
0.0,1.8119255e-09,0
0.0,1.5540786e-09,0
0.0,2.3620337e-09,0
0.0,1.1368213e-09,0
0.0,1.652624e-09,0
0.0,1.0885782e-09,0
0.0,1.6672901e-08,0
0.0,1.838769e-08,0
0.0,4.006942e-09,0
0.0,5.3146274e-09,0
0.0,7.053179e-10,0
0.0,2.0267306e-09,0
0.0,9.751775e-10,0
0.0,1.5160473e-09,0
0.0,3.0493559e-09,0
0.0,9.549566e-09,0
0.0,8.499778e-10,0
0.0,2.420401e-09,0
0.0,1.5484983e-09,0
0.0,1.905842e-08,0
0.0,3.4219124e-08,0
0.0,9.171998e-09,0
0.0,4.1863077e-09,0
0.0,9.904928e-10,0
0.0,1.8708262e-09,0
0.0,1.4062819e-09,0
0.0,1.9694177e-08,0
0.0,1.0884869e-09,0
0.0,8.9814606e-10,0
0.0,2.4754279e-09,0
0.0,1.9575748e-09,0
0.0,2.071112e-09,0
0.0,2.1725737e-09,0
0.0,2.2816848e-09,0
0.0,2.059083e-09,0
0.0,2.6643363e-09,0
0.0,3.979151e-09,0
0.0,2.296639e-09,0
0.0,6.2974925e-10,0
0.0,1.0786477e-08,0
0.0,1.169769e-09,0
0.0,3.7408284e-08,0
0.0,2.9487126e-09,0
0.0,2.0351054e-09,0
0.0,6.4463195e-09,0
0.0,2.1208622e-09,0
0.0,2.13737e-09,0
0.0,8.5672924e-10,0
0.0,7.6737267e-10,0
0.0,1.4041377e-09,0
0.0,1.2864513e-09,0
0.0,1.2274515e-09,0
0.0,2.090723e-09,0
0.0,3.8055163e-09,0
0.0,3.9401353e-09,0
0.0,7.111996e-07,0
0.0,1.8164031e-09,0
0.0,1.8884197e-07,0
0.0,1.0580385e-09,0
0.0,2.023382e-09,0
0.0,1.695352e-09,0
0.0,1.2464553e-09,0
0.0,2.5787847e-09,0
0.0,4.5079624e-09,0
0.0,2.5578528e-09,0
0.0,1.3082287e-07,0
0.0,2.1498359e-09,0
0.0,9.2314034e-10,0
0.0,4.610601e-08,0
0.0,4.7023416e-09,0
0.0,7.300691e-10,0
0.0,1.647186e-09,0
0.0,7.8143236e-10,0
0.0,4.2879325e-08,0
0.0,8.360348e-09,0
0.0,7.517413e-10,0
0.0,2.6971735e-08,0
0.0,1.823159e-07,0
0.0,9.070637e-10,0
0.0,1.4152315e-09,0
0.0,3.3684155e-09,0
0.0,5.5086677e-09,0
0.0,6.7129097e-10,0
0.0,2.397236e-09,0
0.0,6.5502705e-09,0
0.0,2.1354343e-09,0
0.0,5.2131752e-09,0
0.0,5.010431e-09,0
0.0,8.9210894e-10,0
0.0,6.000794e-10,0
0.0,9.973476e-10,0
0.0,4.5363655e-09,0
0.0,3.05537e-09,0
0.0,3.0838534e-09,0
0.0,1.2632474e-09,0
0.0,3.6843268e-09,0
0.0,4.0601822e-07,0
0.0,1.8605882e-09,0
0.0,2.078223e-09,0
0.0,9.071502e-10,0
0.0,1.9718673e-09,0
0.0,1.2367859e-09,0
0.0,6.3192224e-10,0
0.0,6.407213e-10,0
0.0,7.666588e-10,0
0.0,1.2845806e-09,0
0.0,2.3474729e-09,0
0.0,1.8648196e-09,0
0.0,7.850615e-09,0
0.0,7.4875917e-10,0
0.0,3.9868087e-09,0
0.0,2.5992284e-09,0
0.0,6.6500094e-09,0
0.0,2.5721925e-09,0
0.0,9.428882e-09,0
0.0,1.1699474e-09,0
0.0,7.1877144e-09,0
0.0,1.1508829e-08,0
0.0,6.693275e-09,0
0.0,1.2851344e-09,0
0.0,2.4162587e-09,0
0.0,4.3575406e-09,0
0.0,2.1152387e-09,0
0.0,1.877819e-09,0
0.0,6.971858e-10,0
0.0,1.5871515e-07,0
0.0,6.24732e-09,0
0.0,8.711229e-09,0
0.0,8.7156127e-10,0
0.0,2.4012172e-09,0
0.0,3.952035e-09,0
0.0,8.700287e-09,0
0.0,1.1123905e-09,0
0.0,2.715471e-09,0
0.0,1.496808e-09,0
0.0,6.5832486e-09,0
0.0,1.13183e-09,0
0.0,1.1815369e-09,0
0.0,1.3670194e-09,0
0.0,1.6198528e-09,0
0.0,1.0096587e-09,0
0.0,3.041852e-08,0
0.0,5.4365312e-09,0
0.0,9.34833e-10,0
0.0,2.4450768e-09,0
0.0,1.0882258e-08,0
0.0,3.2280618e-09,0
0.0,8.069654e-10,0
0.0,1.5301833e-09,0
0.0,1.0138084e-07,0
0.0,4.976622e-08,0
1.0,1.0,1
0.0,4.21482e-07,1
1.0,0.9677758,1
1.0,0.9999937,1
1.0,0.9999999,1
1.0,0.8068118,1
1.0,0.8068118,1
1.0,0.8068118,1
1.0,0.8068118,1
1.0,0.8068118,1
1.0,0.8068118,1
1.0,0.8068118,1
1.0,0.8068118,1
1.0,0.8068118,1
1.0,0.8068118,1
1.0,0.8068118,1
1.0,1.0,1
1.0,1.0,1
1.0,1.0,1
1.0,1.0,1
0.0,0.0009664057,1
1.0,1.0,1
1.0,1.0,1
1.0,1.0,1
1.0,0.9998586,1
1.0,0.9999999,1
1.0,1.0,1
1.0,0.99999976,1
1.0,1.0,1
1.0,1.0,1
1.0,0.99999976,1
1.0,0.99999964,1
1.0,1.0,1
1.0,1.0,1
1.0,1.0,1
0.0,0.25218362,1
1.0,1.0,1
1.0,1.0,1
1.0,1.0,1
1.0,1.0,1
1.0,0.9999994,1
1.0,0.99999976,1
1.0,1.0,1
1.0,1.0,1
1.0,0.9999988,1
1.0,1.0,1
1.0,0.9999999,1
1.0,1.0,1
1.0,0.9999999,1
1.0,1.0,1
1.0,1.0,1
1.0,1.0,1
1.0,1.0,1
1.0,0.9999881,1
1.0,1.0,1
1.0,1.0,1
1.0,1.0,1
1.0,1.0,1
1.0,1.0,1
1.0,0.9999988,1
1.0,1.0,1
1.0,1.0,1
1.0,1.0,1
1.0,1.0,1
0.0,2.0671813e-09,1
1.0,1.0,1
1.0,0.99856704,1
1.0,1.0,1
1.0,1.0,1
1.0,0.99999976,1
1.0,1.0,1
1.0,1.0,1
1.0,0.9999999,1
1.0,1.0,1
1.0,1.0,1
1.0,1.0,1
1.0,1.0,1
1.0,1.0,1
1.0,1.0,1
1.0,1.0,1
1.0,1.0,1
1.0,1.0,1
1.0,1.0,1
1.0,1.0,1
1.0,1.0,1
1.0,1.0,1
1.0,1.0,1
1.0,1.0,1
1.0,1.0,1
1.0,0.9999999,1
1.0,1.0,1
1.0,1.0,1
1.0,1.0,1
1.0,1.0,1
1.0,1.0,1
1.0,1.0,1
1.0,1.0,1
1.0,1.0,1
1.0,0.9999999,1
1.0,1.0,1
1.0,1.0,1
1.0,1.0,1
1.0,1.0,1
1.0,1.0,1
1.0,0.99999964,1
1.0,1.0,1
1.0,1.0,1
1.0,1.0,1
1.0,1.0,1
1.0,1.0,1
1.0,1.0,1
1.0,1.0,1
1.0,1.0,1
1.0,1.0,1
1.0,1.0,1
1.0,1.0,1
0.0,0.022927197,1
1.0,1.0,1
1.0,1.0,1
1.0,1.0,1
1.0,1.0,1
1.0,0.9999999,1
1.0,1.0,1
1.0,0.9999989,1
1.0,1.0,1
1.0,0.9999901,1
1.0,1.0,1
1.0,1.0,1
0.0,0.0039662407,1
1.0,1.0,1
1.0,1.0,1
1.0,1.0,1
1.0,0.99997795,1
1.0,1.0,1
1.0,1.0,1
1.0,1.0,1
1.0,0.99995875,1
1.0,1.0,1
1.0,1.0,1
1.0,0.9999999,1
1.0,0.9999989,1
1.0,0.9999999,1
1.0,1.0,1
1.0,1.0,1
1.0,0.9999999,1
1.0,1.0,1
1.0,0.99989676,1
0.0,1.0852062e-05,1
1.0,0.9999938,1
1.0,0.99949694,1
1.0,1.0,1
1.0,1.0,1
1.0,1.0,1
1.0,1.0,1
1.0,1.0,1
1.0,1.0,1
1.0,1.0,1
1.0,1.0,1
1.0,1.0,1
1.0,1.0,1
1.0,1.0,1
1.0,1.0,1
1.0,1.0,1
1.0,0.99999976,1
1.0,1.0,1
1.0,1.0,1
1.0,0.9999999,1
1.0,1.0,1
1.0,1.0,1
1.0,1.0,1
1.0,1.0,1
1.0,1.0,1
1.0,0.99800426,1
1.0,0.9802925,1
0.0,0.33521727,1
1.0,0.9404306,1
1.0,1.0,1
1.0,1.0,1
1.0,0.99985325,1
1.0,1.0,1
1.0,1.0,1
1.0,1.0,1
1.0,1.0,1
1.0,1.0,1
1.0,1.0,1
1.0,1.0,1
1.0,1.0,1
0.0,0.00017174685,1
1.0,0.91609323,1
0.0,0.36950955,1
0.0,0.0003786704,1
1.0,0.99999857,1
1.0,1.0,1
1.0,1.0,1
1.0,1.0,1
1.0,1.0,1
1.0,1.0,1
1.0,1.0,1
1.0,0.9999999,1
1.0,0.9999999,1
1.0,1.0,1
1.0,1.0,1
0.0,0.00043511362,1
1.0,1.0,1
1.0,1.0,1
1.0,1.0,1
1.0,1.0,1
1.0,1.0,1
1.0,1.0,1
1.0,1.0,1
1.0,1.0,1
1.0,1.0,1
1.0,1.0,1
1.0,1.0,1
1.0,1.0,1
1.0,1.0,1
1.0,1.0,1
1.0,1.0,1
1.0,1.0,1
1.0,1.0,1
1.0,0.9999999,1
1.0,1.0,1
1.0,1.0,1
1.0,0.9999999,1
1.0,1.0,1
1.0,1.0,1
1.0,1.0,1
1.0,1.0,1
1.0,1.0,1
1.0,1.0,1
1.0,1.0,1
1.0,1.0,1
1.0,1.0,1
1.0,1.0,1
1.0,1.0,1
1.0,1.0,1
1.0,1.0,1
1.0,1.0,1
1.0,1.0,1
1.0,1.0,1
1.0,1.0,1
1.0,0.99999344,1
1.0,1.0,1
1.0,1.0,1
1.0,1.0,1
1.0,1.0,1
1.0,1.0,1
1.0,0.9999931,1
1.0,1.0,1
1.0,1.0,1
1.0,1.0,1
1.0,1.0,1
1.0,1.0,1
1.0,1.0,1
1.0,1.0,1
1.0,1.0,1
0.0,1.6030473e-08,0
0.0,1.7470976e-09,0
0.0,2.3595033e-09,0
0.0,1.8672826e-09,0
0.0,4.971136e-09,0
0.0,1.880751e-09,0
0.0,1.8640942e-09,0
0.0,3.4526781e-09,0
0.0,3.2175445e-09,0
0.0,2.8872924e-09,0
0.0,1.6121072e-09,0
0.0,4.145277e-09,0
0.0,7.51436e-10,0
0.0,4.4145354e-09,0
0.0,4.6540864e-09,0
0.0,1.0577217e-09,0
0.0,1.0665889e-09,0
0.0,9.332906e-09,0
0.0,1.2331474e-08,0
0.0,1.3564407e-09,0
0.0,5.130926e-08,0
0.0,1.8985413e-09,0
0.0,2.554055e-09,0
0.0,2.611184e-09,0
0.0,2.8364255e-09,0
0.0,1.16846e-09,0
0.0,2.3287339e-09,0
0.0,4.3418438e-09,0
0.0,5.2613127e-09,0
0.0,1.6539106e-09,0
0.0,1.8037568e-09,0
0.0,1.1359326e-09,0
0.0,1.9944644e-09,0
0.0,7.5583023e-10,0
0.0,1.1858491e-09,0
0.0,4.6725898e-08,0
0.0,1.8728041e-09,0
0.0,2.197328e-09,0
0.0,1.3515346e-08,0
0.0,1.6408082e-09,0
0.0,2.3507167e-09,0
0.0,1.4815099e-09,0
0.0,7.5733103e-10,0
0.0,1.7025426e-09,0
0.0,1.111504e-09,0
0.0,3.4689298e-09,0
0.0,2.219518e-09,0
0.0,3.3894902e-09,0
0.0,9.7226955e-09,0
0.0,1.6493742e-09,0
0.0,3.055195e-09,0
0.0,4.0914854e-09,0
0.0,1.1544219e-09,0
0.0,9.629425e-08,0
0.0,6.8171135e-10,0
0.0,1.1188805e-09,0
0.0,1.8057843e-09,0
0.0,2.9804283e-09,0
0.0,1.2038e-09,0
0.0,3.556665e-08,0
0.0,1.2066458e-09,0
0.0,2.2694497e-09,0
0.0,2.8958465e-09,0
0.0,2.325325e-09,0
0.0,2.1088253e-09,0
0.0,6.9573822e-09,0
0.0,1.3792818e-09,0
0.0,8.940474e-10,0
0.0,3.218901e-09,0
0.0,1.2457184e-09,0
0.0,3.9636394e-08,0
0.0,2.2541264e-09,0
0.0,1.2226008e-09,0
0.0,1.0469793e-09,0
0.0,2.2531033e-09,0
0.0,1.0543015e-09,0
0.0,3.610186e-09,0
0.0,8.810536e-09,0
0.0,4.3991366e-09,0
0.0,1.4719953e-09,0
0.0,2.3734097e-09,0
0.0,2.7527098e-09,0
0.0,1.037038e-09,0
0.0,1.8777913e-08,0
0.0,1.8668054e-09,0
0.0,1.0551626e-09,0
0.0,2.8970508e-09,0
0.0,1.5233893e-09,0
0.0,2.6417624e-09,0
0.0,9.008774e-10,0
0.0,4.1074126e-09,0
0.0,2.1080613e-09,0
0.0,4.095899e-08,0
0.0,3.7861874e-08,0
0.0,9.692361e-10,0
0.0,1.1784353e-09,0
0.0,1.2590361e-08,0
0.0,1.4737708e-09,0
0.0,1.7804418e-09,0
0.0,9.401118e-09,0
0.0,4.217983e-09,0
0.0,1.2828152e-09,0
0.0,8.892956e-10,0
0.0,1.7697666e-09,0
0.0,3.754372e-09,0
0.0,7.015444e-08,0
0.0,3.0571188e-09,0
0.0,1.9031603e-09,0
0.0,4.1829313e-09,0
0.0,2.9359788e-09,0
0.0,1.5161947e-09,0
0.0,6.2053984e-09,0
0.0,1.0829453e-09,0
0.0,2.6461195e-09,0
0.0,2.5071598e-09,0
0.0,2.0847897e-09,0
0.0,1.6129561e-09,0
0.0,9.6273105e-09,0
0.0,2.9998535e-09,0
0.0,6.0621447e-10,0
0.0,1.0377859e-09,0
0.0,2.7925786e-09,0
0.0,1.5440802e-09,0
0.0,1.7250908e-09,0
0.0,8.526391e-10,0
0.0,1.685936e-09,0
0.0,1.4074948e-09,0
0.0,4.5742823e-09,0
0.0,1.3209082e-09,0
0.0,8.367459e-10,0
0.0,1.1587109e-08,0
0.0,2.626183e-06,0
0.0,1.0534056e-08,0
0.0,1.2330361e-09,0
0.0,2.2219366e-09,0
0.0,7.543126e-09,0
0.0,5.6102607e-09,0
0.0,3.8020196e-09,0
0.0,1.5519813e-09,0
0.0,1.3340643e-09,0
0.0,1.2079123e-07,0
0.0,9.733944e-08,0
0.0,3.038406e-09,0
0.0,3.6230718e-09,0
0.0,1.7630081e-09,0
0.0,2.5820035e-09,0
0.0,2.571491e-09,0
0.0,3.0120655e-09,0
0.0,5.295826e-09,0
0.0,4.9918967e-09,0
0.0,5.632272e-09,0
0.0,5.319637e-09,0
0.0,2.699483e-09,0
0.0,1.0653482e-06,0
0.0,5.3028812e-09,0
0.0,1.2502507e-09,0
0.0,2.6074813e-09,0
0.0,1.1527584e-09,0
0.0,1.0795754e-09,0
0.0,1.0034155e-09,0
0.0,1.6272352e-09,0
0.0,1.591233e-09,0
0.0,1.3641724e-09,0
0.0,1.3993105e-07,0
0.0,1.2982139e-09,0
0.0,3.6388899e-09,0
0.0,8.7961255e-10,0
0.0,5.6717178e-09,0
0.0,2.2340094e-09,0
0.0,1.147765e-09,0
0.0,1.10261915e-08,0
0.0,8.9150484e-07,0
0.0,8.744703e-10,0
0.0,7.03581e-09,0
0.0,2.6230744e-09,0
0.0,1.871251e-09,0
0.0,1.1606988e-09,0
0.0,2.273956e-09,0
0.0,1.9613347e-09,0
0.0,1.5853104e-09,0
0.0,2.255726e-09,0
0.0,2.3945261e-09,0
0.0,3.497291e-09,0
0.0,2.5787799e-09,0
0.0,9.58637e-10,0
0.0,1.9444464e-09,0
0.0,1.315377e-09,0
0.0,2.4443774e-09,0
0.0,4.538633e-09,0
0.0,1.6037561e-09,0
0.0,1.7893922e-09,0
0.0,3.7425822e-09,0
0.0,1.92165e-09,0
0.0,1.7227989e-09,0
0.0,2.8255664e-09,0
0.0,8.6846147e-10,0
0.0,1.1224187e-08,0
0.0,9.768366e-09,0
0.0,1.1744554e-08,0
0.0,1.1249107e-09,0
0.0,1.52512e-08,0
0.0,8.219747e-10,0
0.0,2.621924e-09,0
0.0,1.3635377e-09,0
0.0,3.6590522e-09,0
0.0,2.0090376e-09,0
0.0,1.4437536e-08,0
0.0,1.4012803e-09,0
0.0,3.417979e-08,0
0.0,1.1800279e-09,0
0.0,0.0004921453,0
0.0,2.6289697e-09,0
0.0,1.1915126e-09,0
0.0,1.4333976e-09,0
0.0,4.7273986e-08,0
0.0,3.2582235e-09,0
0.0,1.0300496e-09,0
0.0,1.135716e-09,0
0.0,1.2893999e-08,0
0.0,2.3441529e-09,0
0.0,1.2792235e-09,0
0.0,1.3479632e-09,0
0.0,3.9156657e-07,0
0.0,2.2095032e-09,0
0.0,2.379679e-09,0
0.0,2.081468e-09,0
0.0,7.704529e-09,0
0.0,8.946928e-09,0
0.0,2.2815065e-09,0
0.0,1.4748673e-09,0
0.0,2.5636712e-08,0
0.0,9.817093e-10,0
0.0,2.5150289e-09,0
0.0,2.6852597e-08,0
0.0,5.342047e-09,0
0.0,2.7326585e-09,0
0.0,3.0782883e-09,0
0.0,2.3698903e-09,0
0.0,5.1046647e-09,0
0.0,1.3183987e-09,0
0.0,1.172711e-09,0
0.0,2.693281e-09,0
0.0,7.4584006e-10,0
0.0,3.6081211e-09,0
0.0,4.676225e-09,0
0.0,3.108113e-08,0
0.0,4.4708194e-08,0
0.0,4.4584887e-08,0
0.0,2.5818263e-09,0
0.0,1.6699373e-09,0
0.0,8.7119395e-10,0
0.0,2.958742e-08,0
0.0,2.2251385e-09,0
0.0,2.0770659e-09,0
0.0,1.1746294e-09,0
0.0,5.398145e-09,0
0.0,2.069742e-09,0
0.0,6.984826e-09,0
0.0,2.7597913e-09,0
0.0,1.831676e-09,0
0.0,2.5800737e-09,0
0.0,5.128487e-09,0
0.0,1.6224936e-09,0
0.0,3.863042e-09,0
0.0,2.8132732e-09,0
0.0,1.0498808e-09,0
0.0,2.173129e-09,0
0.0,8.313134e-10,0
0.0,3.4849388e-09,0
0.0,6.3408496e-09,0
0.0,1.679501e-09,0
0.0,2.889105e-09,0
0.0,1.1866975e-09,0
0.0,8.0198775e-10,0
0.0,3.2391636e-09,0
0.0,1.9733046e-09,0
0.0,2.7051734e-09,0
0.0,6.904807e-09,0
0.0,2.0976811e-09,0
0.0,1.896898e-09,0
0.0,1.8226708e-09,0
0.0,2.5115872e-09,0
0.0,8.851411e-10,0
0.0,3.4287968e-09,0
0.0,2.0118256e-09,0
0.0,1.7790195e-09,0
0.0,1.143352e-08,0
